,player_name,team,IsIndian,innings,runs_scored,balls_faced,fours,sixes,is_dismissed,balls_bowled,runs_given,wickets_taken,extra_runs_given,maiden_overs_bowled,catches_taken,stumpings,run_outs,fifty,century,Three_wicket_haul,Five_wicket_haul,retention,Batting_Average,Batting_Strike_Rate,Bowling_Average,Bowling_Economy,full_name,Day,Month,Year,age_at_auction,age_category,Visibility Score 2009,Visibility Score 2008,Visibility Score 2010,Average Sentiment Score 2009,Average Sentiment Score 2008,Average Sentiment Score 2010,Positive Mentions 2009,Positive Mentions 2008,Positive Mentions 2010,Negative Mentions 2009,Negative Mentions 2008,Negative Mentions 2010,Entertainment Score 2008,Entertainment Score 2009,Entertainment Score 2010
0,A Chopra,Kolkata Knight Riders,1,7,53.0,75.0,7.0,0.0,5.0,0.0,0.0,0.0,0.0,0.0,2.0,0.0,1.0,0,0,0,0,0,10.6,70.67,,,Aakash Chopra,19,9,1977,34,Experienced,0.0057142857142857,0.0038910505836575,0.0,-0.1666666666666666,0.0,0.0,0.0,0.0,0.0,1.0,0.0,0.0,0.0,0.0,0.0
1,A Flintoff,Chennai Super Kings,0,3,62.0,57.0,5.0,2.0,2.0,66.0,106.0,2.0,1.0,0.0,3.0,0.0,0.0,0,0,0,0,0,31.0,108.77,53.0,9.64,Andrew Flintoff,12,6,1977,34,Experienced,0.0,0.0,0.0,0.0,0.0,0.0,0.0,0.0,0.0,0.0,0.0,0.0,0.0,0.0,0.0
2,A Kumble,Royal Challengers Bengaluru,1,42,35.0,49.0,3.0,0.0,2.0,983.0,1089.0,49.0,62.0,3.0,9.0,0.0,0.0,0,0,3,2,0,17.5,71.43,22.22,6.65,Anil Kumble,17,10,1970,41,Veteran,0.0095238095238095,0.0175097276264591,0.0,0.0666666666666666,0.2342592592592592,0.0,3.0,4.0,0.0,2.0,0.0,0.0,0.0,4.0,0.0
3,A Mishra,Delhi Daredevils,1,31,102.0,116.0,6.0,2.0,10.0,714.0,811.0,45.0,40.0,1.0,6.0,0.0,4.0,0,0,6,1,0,10.2,87.93,18.02,6.82,Amit Mishra,24,11,1982,29,Peak,0.0057142857142857,0.0038910505836575,0.0137931034482758,0.146060606060606,0.1711805555555555,0.0,1.0,2.0,0.0,2.0,0.0,0.0,0.0,0.0,0.0
4,A Mithun,Royal Challengers Bengaluru,1,2,5.0,4.0,1.0,0.0,1.0,47.0,81.0,1.0,5.0,0.0,0.0,0.0,0.0,0,0,0,0,0,5.0,125.0,81.0,10.34,Abhinav Mithun,25,10,1989,22,Emerging,0.0,0.0,0.0,0.0,0.0,0.0,0.0,0.0,0.0,0.0,0.0,0.0,0.0,0.0,0.0
5,A Mukund,Chennai Super Kings,1,2,0.0,1.0,0.0,0.0,1.0,0.0,0.0,0.0,0.0,0.0,3.0,0.0,0.0,0,0,0,0,0,0.0,0.0,,,Abhinav Mukund,1,6,1990,21,Emerging,0.0,0.0,0.0,0.0,0.0,0.0,0.0,0.0,0.0,0.0,0.0,0.0,0.0,0.0,0.0
6,A Nehra,Delhi Daredevils,1,17,24.0,21.0,2.0,1.0,1.0,411.0,456.0,28.0,35.0,1.0,4.0,0.0,1.0,0,0,4,0,0,24.0,114.29,16.29,6.66,Ashish Nehra,29,4,1979,32,Experienced,0.0,0.0019455252918287,0.0068965517241379,0.0,0.3111111111111111,0.0,0.0,1.0,0.0,0.0,0.0,0.0,0.0,0.0,0.0
7,A Nehra,Mumbai Indians,1,14,3.0,13.0,0.0,0.0,0.0,280.0,357.0,14.0,21.0,0.0,7.0,0.0,0.0,0,0,2,0,0,,23.08,25.5,7.65,Ashish Nehra,29,4,1979,32,Experienced,0.0,0.0019455252918287,0.0068965517241379,0.0,0.3111111111111111,0.0,0.0,1.0,0.0,0.0,0.0,0.0,0.0,0.0,0.0
8,A Nel,Mumbai Indians,0,1,0.0,0.0,0.0,0.0,0.0,18.0,31.0,1.0,0.0,0.0,0.0,0.0,0.0,0,0,0,0,0,,,31.0,10.33,Andrew Nel,15,7,1977,34,Experienced,0.0,0.0194552529182879,0.0,0.0,0.1295330537518037,0.0,0.0,6.0,0.0,0.0,1.0,0.0,0.0,0.0,0.0
9,A Singh,Rajasthan Royals,1,5,1.0,3.0,0.0,0.0,1.0,107.0,100.0,9.0,7.0,0.0,0.0,0.0,0.0,0,0,2,0,0,1.0,33.33,11.11,5.61,Arshdeep Singh,2,5,1999,12,Young,0.0,0.0,0.0,0.0,0.0,0.0,0.0,0.0,0.0,0.0,0.0,0.0,0.0,0.0,0.0
10,A Symonds,Deccan Chargers,0,27,839.0,638.0,65.0,38.0,23.0,516.0,653.0,22.0,38.0,0.0,15.0,0.0,0.0,5,1,1,0,0,36.48,131.5,29.68,7.59,Andrew Symonds,6,9,1975,36,Veteran,0.0133333333333333,0.0077821011673151,0.0,0.2187301587301587,0.08125,0.0,4.0,1.0,0.0,1.0,0.0,0.0,0.0,0.0,0.0
11,A Uniyal,Rajasthan Royals,1,2,4.0,7.0,0.0,0.0,1.0,38.0,67.0,3.0,3.0,0.0,0.0,0.0,0.0,0,0,1,0,0,4.0,57.14,22.33,10.58,Amit Uniyal,21,11,1981,30,Peak,0.0,0.0,0.0,0.0,0.0,0.0,0.0,0.0,0.0,0.0,0.0,0.0,0.0,0.0,0.0
12,AA Bilakhia,Deccan Chargers,1,7,69.0,88.0,5.0,0.0,5.0,0.0,0.0,0.0,0.0,0.0,1.0,0.0,0.0,0,0,0,0,0,13.8,78.41,,,Azhar Bilakhia,31,5,1986,25,Emerging,0.0,0.0,0.0,0.0,0.0,0.0,0.0,0.0,0.0,0.0,0.0,0.0,0.0,0.0,0.0
13,AA Jhunjhunwala,Rajasthan Royals,1,13,183.0,172.0,16.0,4.0,10.0,39.0,69.0,0.0,2.0,0.0,4.0,0.0,4.0,1,0,0,0,0,18.3,106.4,,10.62,Abhishek Jhunjhunwala,12,1,1982,29,Peak,0.0,0.0,0.0,0.0,0.0,0.0,0.0,0.0,0.0,0.0,0.0,0.0,0.0,0.0,0.0
14,AA Noffke,Royal Challengers Bengaluru,0,1,9.0,12.0,1.0,0.0,1.0,25.0,41.0,1.0,6.0,0.0,0.0,0.0,0.0,0,0,0,0,0,9.0,75.0,41.0,9.84,Ashley Noffke,30,4,1977,34,Experienced,0.0,0.0,0.0,0.0,0.0,0.0,0.0,0.0,0.0,0.0,0.0,0.0,0.0,0.0,0.0
15,AB Agarkar,Kolkata Knight Riders,1,27,160.0,137.0,12.0,5.0,7.0,503.0,711.0,20.0,47.0,0.0,1.0,0.0,2.0,0,0,2,0,0,22.86,116.79,35.55,8.48,Ajit Agarkar,12,4,1977,34,Experienced,0.0,0.0019455252918287,0.0,0.0,0.5,0.0,0.0,1.0,0.0,0.0,0.0,0.0,0.0,0.0,0.0
16,AB Barath,Kings XI Punjab,1,3,42.0,43.0,5.0,1.0,2.0,0.0,0.0,0.0,0.0,0.0,0.0,0.0,0.0,0,0,0,0,0,21.0,97.67,,,Adrian Barath,14,4,1990,21,Emerging,0.0,0.0,0.0,0.0,0.0,0.0,0.0,0.0,0.0,0.0,0.0,0.0,0.0,0.0,0.0
17,AB Dinda,Kolkata Knight Riders,1,28,4.0,8.0,0.0,0.0,4.0,539.0,616.0,29.0,37.0,0.0,2.0,0.0,3.0,0,0,3,0,0,1.0,50.0,21.24,6.86,Ashok Dinda,25,3,1984,27,Peak,0.0,0.0,0.0,0.0,0.0,0.0,0.0,0.0,0.0,0.0,0.0,0.0,0.0,0.0,0.0
18,AB McDonald,Delhi Daredevils,0,5,68.0,58.0,3.0,2.0,1.0,103.0,160.0,8.0,1.0,0.0,0.0,0.0,0.0,0,0,2,0,0,68.0,117.24,20.0,9.32,Andrew McDonald,6,5,1981,30,Peak,0.0,0.0,0.0,0.0,0.0,0.0,0.0,0.0,0.0,0.0,0.0,0.0,0.0,0.0,0.0
19,AB de Villiers,Delhi Daredevils,0,28,671.0,582.0,51.0,13.0,20.0,0.0,0.0,0.0,0.0,0.0,24.0,0.0,6.0,3,1,0,0,0,33.55,115.29,,,AB De Villiers,17,2,1984,27,Peak,0.1523809523809524,0.2140077821011673,0.1310344827586207,0.0548986066017316,0.1616323450178969,0.1917418546365915,37.0,76.0,11.0,25.0,11.0,3.0,0.0,4.0,0.0
20,AC Gilchrist,Deccan Chargers,0,46,1220.0,865.0,136.0,64.0,46.0,0.0,0.0,0.0,0.0,0.0,25.0,13.0,7.0,7,1,0,0,0,26.52,141.04,,,Adam Gilchrist,14,11,1971,40,Veteran,0.0247619047619047,0.0058365758754863,0.0,0.1658119658119658,0.1333333333333333,0.0,6.0,1.0,0.0,2.0,0.0,0.0,0.0,0.0,0.0
21,AC Voges,Rajasthan Royals,0,8,181.0,143.0,15.0,3.0,6.0,56.0,76.0,1.0,2.0,0.0,1.0,0.0,3.0,0,0,0,0,0,30.17,126.57,76.0,8.14,Adam Voges,10,4,1979,32,Experienced,0.0,0.0,0.0,0.0,0.0,0.0,0.0,0.0,0.0,0.0,0.0,0.0,0.0,0.0,0.0
22,AD Mascarenhas,Rajasthan Royals,0,8,60.0,58.0,4.0,1.0,7.0,189.0,230.0,12.0,6.0,0.0,1.0,0.0,0.0,0,0,1,0,0,8.57,103.45,19.17,7.3,Dimitri Mascarenhas,30,10,1977,34,Experienced,0.0,0.0,0.0,0.0,0.0,0.0,0.0,0.0,0.0,0.0,0.0,0.0,0.0,0.0,0.0
23,AD Mathews,Kolkata Knight Riders,0,13,249.0,211.0,20.0,8.0,7.0,245.0,349.0,8.0,10.0,0.0,4.0,0.0,1.0,1,0,1,0,0,35.57,118.01,43.62,8.55,Angelo Mathews,6,2,1987,24,Emerging,0.0,0.0,0.0,0.0,0.0,0.0,0.0,0.0,0.0,0.0,0.0,0.0,0.0,0.0,0.0
24,AG Murtaza,Mumbai Indians,1,3,0.0,0.0,0.0,0.0,0.0,73.0,93.0,4.0,7.0,0.0,1.0,0.0,0.0,0,0,1,0,0,,,23.25,7.64,Ali Murtaza,1,1,1990,21,Emerging,0.0,0.0,0.0,0.0,0.0,0.0,0.0,0.0,0.0,0.0,0.0,0.0,0.0,0.0,0.0
25,AG Paunikar,Rajasthan Royals,1,1,0.0,1.0,0.0,0.0,1.0,0.0,0.0,0.0,0.0,0.0,0.0,0.0,0.0,0,0,0,0,0,0.0,0.0,,,Amit Paunikar,18,4,1988,23,Emerging,0.0,0.0,0.0,0.0,0.0,0.0,0.0,0.0,0.0,0.0,0.0,0.0,0.0,0.0,0.0
26,AJ Finch,Rajasthan Royals,0,1,21.0,21.0,0.0,1.0,1.0,7.0,5.0,0.0,0.0,0.0,0.0,0.0,0.0,0,0,0,0,0,21.0,100.0,,4.29,Aaron Finch,17,11,1986,25,Emerging,0.0,0.0,0.0,0.0,0.0,0.0,0.0,0.0,0.0,0.0,0.0,0.0,0.0,0.0,0.0
27,AM Nayar,Mumbai Indians,1,24,457.0,348.0,34.0,18.0,20.0,120.0,153.0,5.0,7.0,0.0,9.0,0.0,1.0,0,0,1,0,0,22.85,131.32,30.6,7.65,Abhishek Nayar,10,8,1983,28,Peak,0.0,0.0,0.0,0.0,0.0,0.0,0.0,0.0,0.0,0.0,0.0,0.0,0.0,0.0,0.0
28,AM Rahane,Mumbai Indians,1,10,148.0,147.0,13.0,3.0,8.0,6.0,5.0,1.0,0.0,0.0,2.0,0.0,1.0,2,0,0,0,0,18.5,100.68,5.0,5.0,Ajinkya Rahane,6,6,1988,23,Emerging,0.0,0.0155642023346303,0.0,0.0,0.2947916666666667,0.0,0.0,6.0,0.0,0.0,0.0,0.0,0.0,0.0,0.0
29,AM Salvi,Delhi Daredevils,1,5,0.0,0.0,0.0,0.0,0.0,106.0,138.0,4.0,12.0,0.0,1.0,0.0,0.0,0,0,0,0,0,,,34.5,7.81,Aavishkar Salvi,20,10,1981,30,Peak,0.0,0.0,0.0,0.0,0.0,0.0,0.0,0.0,0.0,0.0,0.0,0.0,0.0,0.0,0.0
30,AN Ahmed,Mumbai Indians,1,1,4.0,8.0,0.0,0.0,0.0,14.0,26.0,0.0,6.0,0.0,0.0,0.0,0.0,0,0,0,0,0,,50.0,,11.14,AN Ahmed,9,11,1998,13,Young,0.0,0.0,0.0,0.0,0.0,0.0,0.0,0.0,0.0,0.0,0.0,0.0,0.0,0.0,0.0
31,AN Ghosh,Kolkata Knight Riders,1,2,7.0,8.0,1.0,0.0,2.0,0.0,0.0,0.0,0.0,0.0,1.0,0.0,0.0,0,0,0,0,0,3.5,87.5,,,Arindam Ghosh,1,1,2001,10,Young,0.0,0.0,0.0,0.0,0.0,0.0,0.0,0.0,0.0,0.0,0.0,0.0,0.0,0.0,0.0
32,AP Dole,Rajasthan Royals,1,3,34.0,23.0,3.0,1.0,2.0,73.0,114.0,5.0,9.0,0.0,2.0,0.0,0.0,0,0,0,0,0,17.0,147.83,22.8,9.37,Aditya Dole,10,9,1987,24,Emerging,0.0,0.0,0.0,0.0,0.0,0.0,0.0,0.0,0.0,0.0,0.0,0.0,0.0,0.0,0.0
33,AP Tare,Mumbai Indians,1,5,50.0,41.0,5.0,3.0,4.0,0.0,0.0,0.0,0.0,0.0,1.0,2.0,0.0,0,0,0,0,0,12.5,121.95,,,Aditya Tare,11,7,1987,24,Emerging,0.0,0.0,0.0,0.0,0.0,0.0,0.0,0.0,0.0,0.0,0.0,0.0,0.0,0.0,0.0
34,AS Raut,Rajasthan Royals,1,16,134.0,113.0,8.0,6.0,7.0,24.0,37.0,0.0,1.0,0.0,6.0,0.0,1.0,0,0,0,0,0,19.14,118.58,,9.25,Abhishek Raut,1,1,2001,10,Young,0.0,0.0,0.0,0.0,0.0,0.0,0.0,0.0,0.0,0.0,0.0,0.0,0.0,0.0,0.0
35,AS Yadav,Deccan Chargers,1,6,49.0,40.0,5.0,2.0,7.0,0.0,0.0,0.0,0.0,0.0,1.0,0.0,1.0,0,0,0,0,0,7.0,122.5,,,Arjun Yadav,23,12,1981,30,Peak,0.0,0.0,0.0,0.0,0.0,0.0,0.0,0.0,0.0,0.0,0.0,0.0,0.0,0.0,0.0
36,AT Rayudu,Mumbai Indians,1,14,356.0,258.0,34.0,13.0,12.0,0.0,0.0,0.0,0.0,0.0,6.0,1.0,2.0,2,0,0,0,0,29.67,137.98,,,Ambati Rayudu,23,9,1985,26,Peak,0.0,0.0,0.0,0.0,0.0,0.0,0.0,0.0,0.0,0.0,0.0,0.0,0.0,0.0,0.0
37,Abdur Razzak,Royal Challengers Bengaluru,0,1,0.0,2.0,0.0,0.0,0.0,14.0,29.0,0.0,6.0,0.0,0.0,0.0,0.0,0,0,0,0,0,,0.0,,12.43,Abdur Razzak,15,6,1982,29,Peak,0.0,0.0,0.0,0.0,0.0,0.0,0.0,0.0,0.0,0.0,0.0,0.0,0.0,0.0,0.0
38,Anirudh Singh,Deccan Chargers,1,5,63.0,69.0,6.0,1.0,4.0,0.0,0.0,0.0,0.0,0.0,3.0,0.0,0.0,0,0,0,0,0,15.75,91.3,,,Anirudh Singh,8,2,1980,31,Experienced,0.0,0.0,0.0,0.0,0.0,0.0,0.0,0.0,0.0,0.0,0.0,0.0,0.0,0.0,0.0
39,Anureet Singh,Kolkata Knight Riders,1,2,0.0,0.0,0.0,0.0,0.0,34.0,47.0,2.0,4.0,0.0,0.0,0.0,0.0,0,0,0,0,0,,,23.5,8.29,Anureet Singh,3,2,1988,23,Emerging,0.0,0.0,0.0,0.0,0.0,0.0,0.0,0.0,0.0,0.0,0.0,0.0,0.0,0.0,0.0
40,B Akhil,Royal Challengers Bengaluru,1,14,63.0,48.0,5.0,4.0,6.0,180.0,224.0,7.0,9.0,0.0,3.0,0.0,1.0,0,0,0,0,0,10.5,131.25,32.0,7.47,Balachandra Akhil,10,7,1977,34,Experienced,0.0,0.0,0.0,0.0,0.0,0.0,0.0,0.0,0.0,0.0,0.0,0.0,0.0,0.0,0.0
41,B Chipli,Royal Challengers Bengaluru,1,4,20.0,30.0,3.0,0.0,3.0,0.0,0.0,0.0,0.0,0.0,2.0,0.0,0.0,0,0,0,0,0,6.67,66.67,,,Bharat Chipli,27,1,1983,28,Peak,0.0,0.0,0.0,0.0,0.0,0.0,0.0,0.0,0.0,0.0,0.0,0.0,0.0,0.0,0.0
42,B Geeves,Delhi Daredevils,0,2,0.0,0.0,0.0,0.0,0.0,49.0,91.0,2.0,1.0,0.0,3.0,0.0,0.0,0,0,0,0,0,,,45.5,11.14,Brett Geeves,13,6,1982,29,Peak,0.0,0.0,0.0,0.0,0.0,0.0,0.0,0.0,0.0,0.0,0.0,0.0,0.0,0.0,0.0
43,B Lee,Kings XI Punjab,0,13,56.0,60.0,5.0,2.0,5.0,323.0,385.0,11.0,41.0,1.0,4.0,0.0,1.0,0,0,1,0,0,11.2,93.33,35.0,7.15,Brett Lee,14,1,1983,28,Peak,0.0133333333333333,0.0038910505836575,0.0,0.3357142857142857,-0.0812499999999999,0.0,6.0,1.0,0.0,0.0,1.0,0.0,0.0,0.0,0.0
44,B Sumanth,Deccan Chargers,1,5,35.0,38.0,3.0,0.0,1.0,0.0,0.0,0.0,0.0,0.0,4.0,0.0,0.0,0,0,0,0,0,35.0,92.11,,,Bodapati Sumanth,5,10,1988,23,Emerging,0.0,0.0,0.0,0.0,0.0,0.0,0.0,0.0,0.0,0.0,0.0,0.0,0.0,0.0,0.0
45,BAW Mendis,Kolkata Knight Riders,0,7,1.0,2.0,0.0,0.0,1.0,176.0,228.0,7.0,11.0,0.0,1.0,0.0,0.0,0,0,0,0,0,1.0,50.0,32.57,7.77,Ajantha Mendis,3,11,1985,26,Peak,0.0,0.0,0.0,0.0,0.0,0.0,0.0,0.0,0.0,0.0,0.0,0.0,0.0,0.0,0.0
46,BB McCullum,Kolkata Knight Riders,0,22,588.0,461.0,54.0,29.0,18.0,0.0,0.0,0.0,0.0,0.0,9.0,0.0,0.0,3,1,0,0,0,32.67,127.55,,,Brendon McCullum,27,9,1981,30,Peak,0.0019047619047619,0.0155642023346303,0.0,-0.2916666666666667,0.2141493055555555,0.0,0.0,7.0,0.0,1.0,0.0,0.0,0.0,0.0,0.0
47,BJ Hodge,Kolkata Knight Riders,0,19,476.0,430.0,47.0,10.0,16.0,153.0,208.0,9.0,14.0,0.0,6.0,0.0,2.0,4,0,1,0,0,29.75,110.7,23.11,8.16,Brad Hodge,29,12,1974,37,Veteran,0.0,0.0,0.0,0.0,0.0,0.0,0.0,0.0,0.0,0.0,0.0,0.0,0.0,0.0,0.0
48,Bipul Sharma,Kings XI Punjab,1,4,9.0,7.0,1.0,0.0,0.0,60.0,94.0,4.0,0.0,0.0,2.0,0.0,1.0,0,0,0,0,0,,128.57,23.5,9.4,Bipul Sharma,28,9,1983,28,Peak,0.0,0.0,0.0,0.0,0.0,0.0,0.0,0.0,0.0,0.0,0.0,0.0,0.0,0.0,0.0
49,C Ganapathy,Chennai Super Kings,1,1,0.0,0.0,0.0,0.0,0.0,6.0,13.0,0.0,0.0,0.0,0.0,0.0,0.0,0,0,0,0,0,,,,13.0,Chandrasekar Ganapathy,6,10,1981,30,Peak,0.0,0.0,0.0,0.0,0.0,0.0,0.0,0.0,0.0,0.0,0.0,0.0,0.0,0.0,0.0
50,C Madan,Mumbai Indians,1,1,15.0,21.0,3.0,0.0,1.0,0.0,0.0,0.0,0.0,0.0,0.0,0.0,0.0,0,0,0,0,0,15.0,71.43,,,Chandan Madan,15,10,1982,29,Peak,0.0,0.0,0.0,0.0,0.0,0.0,0.0,0.0,0.0,0.0,0.0,0.0,0.0,0.0,0.0
51,C Nanda,Mumbai Indians,1,3,0.0,1.0,0.0,0.0,1.0,50.0,58.0,2.0,3.0,0.0,0.0,0.0,0.0,0,0,0,0,0,0.0,0.0,29.0,6.96,Chetanya Nanda,29,3,1979,32,Experienced,0.0,0.0,0.0,0.0,0.0,0.0,0.0,0.0,0.0,0.0,0.0,0.0,0.0,0.0,0.0
52,CA Pujara,Kolkata Knight Riders,1,6,122.0,119.0,14.0,3.0,4.0,0.0,0.0,0.0,0.0,0.0,2.0,0.0,0.0,0,0,0,0,0,30.5,102.52,,,Cheteshwar Pujara,25,1,1988,23,Emerging,0.0,0.0,0.0,0.0,0.0,0.0,0.0,0.0,0.0,0.0,0.0,0.0,0.0,0.0,0.0
53,CH Gayle,Kolkata Knight Riders,0,16,476.0,356.0,48.0,26.0,16.0,221.0,299.0,5.0,29.0,0.0,7.0,0.0,0.0,3,0,0,0,0,29.75,133.71,59.8,8.12,Christopher Henry Gayle,21,9,1979,32,Experienced,0.0114285714285714,0.0,0.0206896551724137,0.2910786435786436,0.0,0.1181547619047619,5.0,0.0,2.0,1.0,0.0,1.0,0.0,0.0,0.0
54,CK Kapugedera,Chennai Super Kings,0,4,16.0,24.0,0.0,0.0,3.0,17.0,49.0,0.0,0.0,0.0,4.0,0.0,0.0,0,0,0,0,0,5.33,66.67,,17.29,Chamara Kapugedera,24,2,1987,24,Emerging,0.0,0.0,0.0,0.0,0.0,0.0,0.0,0.0,0.0,0.0,0.0,0.0,0.0,0.0,0.0
55,CK Langeveldt,Kolkata Knight Riders,0,4,0.0,1.0,0.0,0.0,1.0,95.0,107.0,8.0,9.0,0.0,0.0,0.0,0.0,0,0,1,0,0,0.0,0.0,13.38,6.76,Charl Langeveldt,17,12,1974,37,Veteran,0.0,0.0,0.0,0.0,0.0,0.0,0.0,0.0,0.0,0.0,0.0,0.0,0.0,0.0,0.0
56,CL White,Royal Challengers Bengaluru,0,15,162.0,138.0,11.0,7.0,7.0,14.0,43.0,0.0,3.0,0.0,7.0,0.0,2.0,0,0,0,0,0,23.14,117.39,,18.43,Cameron White,18,8,1983,28,Peak,0.0038095238095238,0.0019455252918287,0.0482758620689655,-0.0404545454545454,-0.0833333333333333,-0.0183673469387755,0.0,0.0,2.0,1.0,1.0,4.0,0.0,0.0,0.0
57,CRD Fernando,Mumbai Indians,0,10,4.0,3.0,0.0,0.0,1.0,249.0,306.0,19.0,27.0,0.0,2.0,0.0,0.0,0,0,1,1,0,4.0,133.33,16.11,7.37,Dilhara Fernando,19,7,1979,32,Experienced,0.0,0.0,0.0,0.0,0.0,0.0,0.0,0.0,0.0,0.0,0.0,0.0,0.0,0.0,0.0
58,D Kalyankrishna,Deccan Chargers,1,3,3.0,8.0,0.0,0.0,1.0,50.0,88.0,2.0,3.0,0.0,1.0,0.0,0.0,0,0,0,0,0,3.0,37.5,44.0,10.56,Kalyankrishna,16,12,1983,28,Peak,0.0,0.0,0.0,0.0,0.0,0.0,0.0,0.0,0.0,0.0,0.0,0.0,0.0,0.0,0.0
59,D Salunkhe,Rajasthan Royals,1,5,33.0,24.0,5.0,0.0,1.0,51.0,80.0,1.0,10.0,0.0,2.0,0.0,0.0,0,0,0,0,0,33.0,137.5,80.0,9.41,Dinesh Salunkhe,11,12,1982,29,Peak,0.0,0.0,0.0,0.0,0.0,0.0,0.0,0.0,0.0,0.0,0.0,0.0,0.0,0.0,0.0
60,D du Preez,Royal Challengers Bengaluru,0,2,10.0,13.0,0.0,0.0,1.0,43.0,56.0,4.0,1.0,1.0,0.0,0.0,0.0,0,0,1,0,0,10.0,76.92,14.0,7.81,Dillon du Preez,11,8,1981,30,Peak,0.0,0.0,0.0,0.0,0.0,0.0,0.0,0.0,0.0,0.0,0.0,0.0,0.0,0.0,0.0
61,DA Warner,Delhi Daredevils,0,19,445.0,332.0,43.0,19.0,17.0,0.0,0.0,0.0,0.0,0.0,13.0,0.0,4.0,2,1,0,0,0,26.18,134.04,,,David Warner,27,10,1986,25,Emerging,0.0095238095238095,0.0,0.0275862068965517,0.0036845238095238,0.0,0.0964285714285714,2.0,0.0,1.0,3.0,0.0,1.0,0.0,0.0,0.0
62,DB Das,Kolkata Knight Riders,1,6,103.0,95.0,9.0,5.0,6.0,0.0,0.0,0.0,0.0,0.0,0.0,0.0,1.0,0,0,0,0,0,17.17,108.42,,,Debabrata Das,22,9,1986,25,Emerging,0.0,0.0,0.0,0.0,0.0,0.0,0.0,0.0,0.0,0.0,0.0,0.0,0.0,0.0,0.0
63,DB Ravi Teja,Deccan Chargers,1,13,174.0,156.0,17.0,5.0,10.0,12.0,19.0,1.0,0.0,0.0,6.0,0.0,2.0,0,0,0,0,0,17.4,111.54,19.0,9.5,Ravi Teja,19,10,1994,17,Young,0.0209523809523809,0.0330739299610894,0.0068965517241379,0.0919967532467532,0.1430709051297286,0.1357142857142857,9.0,12.0,1.0,1.0,2.0,0.0,0.0,0.0,0.0
64,DE Bollinger,Chennai Super Kings,0,8,18.0,17.0,1.0,1.0,0.0,193.0,213.0,13.0,14.0,0.0,2.0,0.0,0.0,0,0,1,0,0,,105.88,16.38,6.62,Doug Bollinger,24,7,1981,30,Peak,0.0,0.0,0.0137931034482758,0.0,0.0,0.25,0.0,0.0,1.0,0.0,0.0,0.0,0.0,0.0,0.0
65,DJ Bravo,Mumbai Indians,0,30,457.0,401.0,37.0,17.0,21.0,554.0,735.0,30.0,44.0,2.0,13.0,0.0,5.0,3,0,2,0,0,21.76,113.97,24.5,7.96,DJ Bravo,10,7,1983,28,Peak,0.0019047619047619,0.0019455252918287,0.0275862068965517,0.0,0.35,0.2300595238095238,0.0,1.0,3.0,0.0,0.0,1.0,0.0,0.0,0.0
66,DJ Hussey,Kolkata Knight Riders,0,23,511.0,417.0,31.0,28.0,18.0,164.0,249.0,4.0,7.0,0.0,10.0,0.0,1.0,2,0,0,0,0,28.39,122.54,62.25,9.11,David Hussey,15,7,1977,34,Experienced,0.0,0.0,0.0,0.0,0.0,0.0,0.0,0.0,0.0,0.0,0.0,0.0,0.0,0.0,0.0
67,DJ Thornely,Mumbai Indians,0,5,39.0,54.0,2.0,2.0,3.0,44.0,40.0,3.0,2.0,0.0,2.0,0.0,0.0,0,0,0,0,0,13.0,72.22,13.33,5.45,Dominic Thornely,10,1,1978,33,Experienced,0.0,0.0,0.0,0.0,0.0,0.0,0.0,0.0,0.0,0.0,0.0,0.0,0.0,0.0,0.0
68,DL Vettori,Delhi Daredevils,0,12,67.0,60.0,7.0,0.0,3.0,261.0,338.0,15.0,10.0,0.0,4.0,0.0,1.0,0,0,1,1,0,22.33,111.67,22.53,7.77,Daniel Vettori,27,1,1979,32,Experienced,0.0019047619047619,0.0038910505836575,0.0068965517241379,0.25,0.2125,0.0,1.0,2.0,0.0,0.0,0.0,0.0,0.0,0.0,0.0
69,DNT Zoysa,Deccan Chargers,0,3,11.0,9.0,1.0,0.0,1.0,69.0,100.0,2.0,4.0,0.0,0.0,0.0,0.0,0,0,0,0,0,11.0,122.22,50.0,8.7,Nuwan Zoysa,13,5,1978,33,Experienced,0.0,0.0,0.0,0.0,0.0,0.0,0.0,0.0,0.0,0.0,0.0,0.0,0.0,0.0,0.0
70,DP Nannes,Delhi Daredevils,0,22,4.0,13.0,0.0,0.0,1.0,538.0,619.0,31.0,61.0,0.0,4.0,0.0,0.0,0,0,4,0,0,4.0,30.77,19.97,6.9,Dirk Nannes,16,5,1976,35,Experienced,0.0,0.0,0.0068965517241379,0.0,0.0,0.0,0.0,0.0,0.0,0.0,0.0,0.0,0.0,0.0,0.0
71,DP Vijaykumar,Deccan Chargers,1,9,1.0,1.0,0.0,0.0,0.0,159.0,205.0,4.0,13.0,0.0,0.0,0.0,0.0,0,0,0,0,0,,100.0,51.25,7.74,Paidikalva Vijaykumar,20,10,1986,25,Emerging,0.0,0.0,0.0,0.0,0.0,0.0,0.0,0.0,0.0,0.0,0.0,0.0,0.0,0.0,0.0
72,DPMD Jayawardene,Kings XI Punjab,0,36,843.0,622.0,87.0,26.0,28.0,0.0,0.0,0.0,0.0,0.0,17.0,0.0,3.0,2,1,0,0,0,30.11,135.53,,,Mahela Jayawardene,27,5,1977,34,Experienced,0.0,0.0,0.0,0.0,0.0,0.0,0.0,0.0,0.0,0.0,0.0,0.0,0.0,0.0,0.0
73,DR Martyn,Rajasthan Royals,0,1,19.0,26.0,1.0,0.0,2.0,0.0,0.0,0.0,0.0,0.0,0.0,0.0,0.0,0,0,0,0,0,9.5,73.08,,,Damien Martyn,21,10,1971,40,Veteran,0.0,0.0,0.0,0.0,0.0,0.0,0.0,0.0,0.0,0.0,0.0,0.0,0.0,0.0,0.0
74,DR Smith,Deccan Chargers,0,11,237.0,159.0,13.0,16.0,10.0,108.0,164.0,2.0,6.0,0.0,6.0,0.0,0.0,0,0,0,0,0,23.7,149.06,82.0,9.11,Dwayne Smith,4,12,1983,28,Peak,0.0,0.0038910505836575,0.0,0.0,0.1416666666666666,0.0,0.0,1.0,0.0,0.0,0.0,0.0,0.0,0.0,0.0
75,DR Smith,Mumbai Indians,0,4,45.0,41.0,5.0,1.0,2.0,69.0,83.0,5.0,7.0,0.0,2.0,0.0,0.0,0,0,1,0,0,22.5,109.76,16.6,7.22,Dwayne Smith,4,12,1983,28,Peak,0.0,0.0038910505836575,0.0,0.0,0.1416666666666666,0.0,0.0,1.0,0.0,0.0,0.0,0.0,0.0,0.0,0.0
76,DS Kulkarni,Mumbai Indians,1,19,11.0,35.0,0.0,0.0,2.0,378.0,491.0,19.0,42.0,0.0,3.0,0.0,1.0,0,0,3,0,0,5.5,31.43,25.84,7.79,Dhawal Kulkarni,12,10,1988,23,Emerging,0.0,0.0,0.0,0.0,0.0,0.0,0.0,0.0,0.0,0.0,0.0,0.0,0.0,0.0,0.0
77,DS Lehmann,Rajasthan Royals,0,2,18.0,19.0,3.0,0.0,2.0,0.0,0.0,0.0,0.0,0.0,0.0,0.0,0.0,0,0,0,0,0,9.0,94.74,,,Darren Lehmann,2,5,1970,41,Veteran,0.0,0.0038910505836575,0.0,0.0,0.0,0.0,0.0,0.0,0.0,0.0,0.0,0.0,0.0,0.0,0.0
78,DT Patil,Royal Challengers Bengaluru,1,2,13.0,13.0,1.0,0.0,1.0,0.0,0.0,0.0,0.0,0.0,2.0,0.0,0.0,0,0,0,0,0,13.0,100.0,,,Devraj Patil,12,6,1984,27,Peak,0.0,0.0,0.0,0.0,0.0,0.0,0.0,0.0,0.0,0.0,0.0,0.0,0.0,0.0,0.0
79,DW Steyn,Royal Challengers Bengaluru,0,28,15.0,25.0,2.0,0.0,7.0,688.0,742.0,33.0,80.0,1.0,7.0,0.0,3.0,0,0,6,0,0,2.14,60.0,22.48,6.47,Dale Steyn,27,6,1983,28,Peak,0.0038095238095238,0.0097276264591439,0.0,-0.0809090909090908,0.065,0.0,0.0,1.0,0.0,2.0,0.0,0.0,0.0,0.0,0.0
80,EJG Morgan,Royal Challengers Bengaluru,0,5,35.0,31.0,2.0,1.0,3.0,0.0,0.0,0.0,0.0,0.0,4.0,0.0,1.0,0,0,0,0,0,11.67,112.9,,,Eoin Morgan,9,10,1986,25,Emerging,0.0,0.0,0.0,0.0,0.0,0.0,0.0,0.0,0.0,0.0,0.0,0.0,0.0,0.0,0.0
81,FH Edwards,Deccan Chargers,0,6,4.0,5.0,0.0,0.0,1.0,150.0,160.0,6.0,16.0,1.0,0.0,0.0,0.0,0,0,0,0,0,4.0,80.0,26.67,6.4,Fidel Edwards,2,6,1982,29,Peak,0.0019047619047619,0.0,0.0,0.345,0.0,0.0,1.0,0.0,0.0,0.0,0.0,0.0,0.0,0.0,0.0
82,FY Fazal,Rajasthan Royals,1,11,164.0,160.0,19.0,1.0,8.0,12.0,20.0,1.0,0.0,0.0,7.0,0.0,0.0,0,0,0,0,0,20.5,102.5,20.0,10.0,Faiz Fazal,9,7,1985,26,Peak,0.0,0.0,0.0,0.0,0.0,0.0,0.0,0.0,0.0,0.0,0.0,0.0,0.0,0.0,0.0
83,G Gambhir,Delhi Daredevils,1,39,1097.0,900.0,132.0,12.0,37.0,0.0,0.0,0.0,0.0,0.0,7.0,0.0,1.0,8,0,0,0,0,29.65,121.89,,,Gautam Gambhir,14,10,1981,30,Peak,0.0,0.0136186770428015,0.0137931034482758,0.0,0.1084325396825396,0.1428571428571428,0.0,6.0,1.0,0.0,1.0,0.0,0.0,0.0,0.0
84,GC Smith,Rajasthan Royals,0,25,697.0,637.0,88.0,9.0,26.0,0.0,0.0,0.0,0.0,0.0,6.0,0.0,0.0,4,0,0,0,0,26.81,109.42,,,Graeme Smith,2,1,1981,30,Peak,0.0,0.0038910505836575,0.0,0.0,0.1625,0.0,0.0,1.0,0.0,0.0,0.0,0.0,0.0,0.0,0.0
85,GD McGrath,Delhi Daredevils,0,14,4.0,5.0,1.0,0.0,1.0,329.0,366.0,14.0,14.0,1.0,2.0,0.0,0.0,0,0,1,0,0,4.0,80.0,26.14,6.67,Glenn McGrath,2,9,1970,41,Veteran,0.0,0.0136186770428015,0.0,0.0,0.1101190476190476,0.0,0.0,5.0,0.0,0.0,0.0,0.0,0.0,0.0,0.0
86,GJ Bailey,Chennai Super Kings,0,4,63.0,67.0,9.0,0.0,5.0,0.0,0.0,0.0,0.0,0.0,1.0,0.0,0.0,0,0,0,0,0,12.6,94.03,,,George Bailey,9,7,1982,29,Peak,0.0,0.0,0.0,0.0,0.0,0.0,0.0,0.0,0.0,0.0,0.0,0.0,0.0,0.0,0.0
87,GR Napier,Mumbai Indians,0,1,15.0,16.0,1.0,0.0,1.0,24.0,28.0,1.0,1.0,0.0,0.0,0.0,0.0,0,0,0,0,0,15.0,93.75,28.0,7.0,Graham Napier,1,6,1980,31,Experienced,0.0,0.0,0.0,0.0,0.0,0.0,0.0,0.0,0.0,0.0,0.0,0.0,0.0,0.0,0.0
88,Gagandeep Singh,Kings XI Punjab,1,4,0.0,0.0,0.0,0.0,0.0,84.0,142.0,3.0,1.0,0.0,0.0,0.0,0.0,0,0,0,0,0,,,47.33,10.14,Gagandeep Singh,3,10,1981,30,Peak,0.0,0.0,0.0,0.0,0.0,0.0,0.0,0.0,0.0,0.0,0.0,0.0,0.0,0.0,0.0
89,H Das,Deccan Chargers,1,1,2.0,5.0,0.0,0.0,1.0,0.0,0.0,0.0,0.0,0.0,0.0,0.0,0.0,0,0,0,0,0,2.0,40.0,,,Halhadar Das,8,2,1986,25,Emerging,0.0,0.0,0.0,0.0,0.0,0.0,0.0,0.0,0.0,0.0,0.0,0.0,0.0,0.0,0.0
90,HH Gibbs,Deccan Chargers,0,33,805.0,746.0,75.0,29.0,30.0,0.0,0.0,0.0,0.0,0.0,22.0,0.0,4.0,5,0,0,0,0,26.83,107.91,,,Herschelle Gibbs,23,2,1974,37,Veteran,0.0057142857142857,0.0038910505836575,0.0,0.1094444444444444,0.0,0.0,2.0,0.0,0.0,1.0,0.0,0.0,0.0,0.0,0.0
91,Harbhajan Singh,Mumbai Indians,1,31,219.0,138.0,19.0,13.0,17.0,664.0,741.0,39.0,50.0,1.0,7.0,0.0,3.0,0,0,5,0,1,12.88,158.7,19.0,6.7,Harbhajan Singh,7,3,1980,31,Experienced,0.0,0.0019455252918287,0.0,0.0,0.2833333333333333,0.0,0.0,1.0,0.0,0.0,0.0,0.0,0.0,0.0,0.0
92,Harmeet Singh,Deccan Chargers,1,30,0.0,2.0,0.0,0.0,2.0,586.0,750.0,28.0,50.0,0.0,6.0,0.0,0.0,0,0,2,0,0,0.0,0.0,26.79,7.68,Harmeet Singh,7,9,1992,19,Young,0.0,0.0,0.0,0.0,0.0,0.0,0.0,0.0,0.0,0.0,0.0,0.0,0.0,0.0,0.0
93,I Sharma,Kolkata Knight Riders,1,31,33.0,41.0,2.0,1.0,5.0,696.0,893.0,25.0,79.0,1.0,4.0,0.0,0.0,0,0,0,0,0,6.6,80.49,35.72,7.7,Ishant Sharma,9,2,1988,23,Emerging,0.0038095238095238,0.0077821011673151,0.0,-0.0809090909090908,0.0794191919191919,0.0,0.0,2.0,0.0,2.0,2.0,0.0,0.0,0.0,0.0
94,IK Pathan,Kings XI Punjab,1,42,603.0,472.0,47.0,22.0,24.0,940.0,1194.0,57.0,71.0,3.0,10.0,0.0,2.0,1,0,7,0,0,25.12,127.75,20.95,7.62,Irfan Pathan,27,10,1984,27,Peak,0.0,0.0,0.0068965517241379,0.0,0.0,0.0,0.0,0.0,0.0,0.0,0.0,0.0,0.0,0.0,0.0
95,Iqbal Abdulla,Kolkata Knight Riders,1,4,1.0,3.0,0.0,0.0,0.0,69.0,84.0,3.0,1.0,0.0,0.0,0.0,1.0,0,0,0,0,0,,33.33,28.0,7.3,Iqbal Abdulla,12,2,1989,22,Emerging,0.0,0.0,0.0,0.0,0.0,0.0,0.0,0.0,0.0,0.0,0.0,0.0,0.0,0.0,0.0
96,J Arunkumar,Royal Challengers Bengaluru,1,3,23.0,24.0,5.0,0.0,3.0,0.0,0.0,0.0,0.0,0.0,0.0,0.0,0.0,0,0,0,0,0,7.67,95.83,,,J Arunkumar,18,1,1975,36,Veteran,0.0,0.0,0.0,0.0,0.0,0.0,0.0,0.0,0.0,0.0,0.0,0.0,0.0,0.0,0.0
97,J Botha,Rajasthan Royals,0,3,47.0,42.0,5.0,0.0,3.0,75.0,76.0,5.0,9.0,0.0,0.0,0.0,1.0,0,0,1,0,0,15.67,111.9,15.2,6.08,Johan Botha,5,2,1982,29,Peak,0.0,0.0,0.0,0.0,0.0,0.0,0.0,0.0,0.0,0.0,0.0,0.0,0.0,0.0,0.0
98,J Theron,Kings XI Punjab,0,7,2.0,6.0,0.0,0.0,2.0,158.0,204.0,9.0,17.0,0.0,1.0,0.0,2.0,0,0,0,1,0,1.0,33.33,22.67,7.75,Rusty Theron,24,7,1985,26,Peak,0.0,0.0,0.0,0.0,0.0,0.0,0.0,0.0,0.0,0.0,0.0,0.0,0.0,0.0,0.0
99,JA Morkel,Chennai Super Kings,0,39,537.0,376.0,36.0,31.0,20.0,854.0,1154.0,49.0,74.0,2.0,7.0,0.0,2.0,2,0,5,0,1,26.85,142.82,23.55,8.11,Albie Morkel,6,10,1981,30,Peak,0.0,0.0,0.0,0.0,0.0,0.0,0.0,0.0,0.0,0.0,0.0,0.0,0.0,0.0,0.0
100,JD Ryder,Royal Challengers Bengaluru,0,5,56.0,49.0,9.0,0.0,5.0,104.0,121.0,5.0,8.0,0.0,2.0,0.0,0.0,0,0,1,0,0,11.2,114.29,24.2,6.98,Jesse Ryder,8,6,1984,27,Peak,0.0,0.0,0.0,0.0,0.0,0.0,0.0,0.0,0.0,0.0,0.0,0.0,0.0,0.0,0.0
101,JD Unadkat,Kolkata Knight Riders,1,3,0.0,0.0,0.0,0.0,0.0,62.0,85.0,4.0,0.0,0.0,1.0,0.0,1.0,0,0,1,0,0,,,21.25,8.23,Jaydev Unadkat,18,10,1991,20,Young,0.0,0.0,0.0,0.0,0.0,0.0,0.0,0.0,0.0,0.0,0.0,0.0,0.0,0.0,0.0
102,JDP Oram,Chennai Super Kings,0,12,106.0,107.0,6.0,5.0,7.0,194.0,288.0,12.0,11.0,0.0,7.0,0.0,1.0,0,0,1,0,0,15.14,99.07,24.0,8.91,Jacob Oram,28,7,1978,33,Experienced,0.0,0.0,0.0,0.0,0.0,0.0,0.0,0.0,0.0,0.0,0.0,0.0,0.0,0.0,0.0
103,JH Kallis,Royal Challengers Bengaluru,0,42,1132.0,1054.0,127.0,21.0,36.0,850.0,1168.0,26.0,68.0,2.0,14.0,0.0,1.0,10,0,1,0,0,31.44,107.4,44.92,8.24,Jacques Kallis,16,10,1975,36,Veteran,0.0,0.0175097276264591,0.0275862068965517,0.0,0.0786111111111111,0.1135714285714285,0.0,4.0,4.0,0.0,1.0,0.0,0.0,0.0,0.0
104,JM Kemp,Chennai Super Kings,0,5,26.0,25.0,1.0,1.0,2.0,47.0,58.0,3.0,7.0,0.0,1.0,0.0,0.0,0,0,1,0,0,13.0,104.0,19.33,7.4,Justin Kemp,10,2,1977,34,Experienced,0.0,0.0,0.0,0.0,0.0,0.0,0.0,0.0,0.0,0.0,0.0,0.0,0.0,0.0,0.0
105,JP Duminy,Mumbai Indians,0,21,529.0,468.0,39.0,16.0,12.0,140.0,133.0,5.0,10.0,0.0,8.0,0.0,1.0,5,0,0,0,0,44.08,113.03,26.6,5.7,JP Duminy,14,4,1984,27,Peak,0.0,0.0,0.0,0.0,0.0,0.0,0.0,0.0,0.0,0.0,0.0,0.0,0.0,0.0,0.0
106,JR Hopes,Kings XI Punjab,0,11,221.0,152.0,27.0,8.0,11.0,171.0,285.0,7.0,12.0,0.0,2.0,0.0,0.0,2,0,0,0,0,20.09,145.39,40.71,10.0,James Hopes,24,10,1978,33,Experienced,0.0,0.0,0.0,0.0,0.0,0.0,0.0,0.0,0.0,0.0,0.0,0.0,0.0,0.0,0.0
107,Jaskaran Singh,Deccan Chargers,1,7,8.0,11.0,0.0,0.0,2.0,111.0,174.0,6.0,12.0,0.0,0.0,0.0,0.0,0,0,0,0,0,4.0,72.73,29.0,9.41,Jaskaran Singh,4,9,1989,22,Emerging,0.0,0.0,0.0,0.0,0.0,0.0,0.0,0.0,0.0,0.0,0.0,0.0,0.0,0.0,0.0
108,Joginder Sharma,Chennai Super Kings,1,15,36.0,29.0,1.0,2.0,3.0,252.0,387.0,13.0,17.0,0.0,5.0,0.0,1.0,0,0,0,0,0,12.0,124.14,29.77,9.21,Joginder Sharma,23,10,1983,28,Peak,0.0,0.0,0.0,0.0,0.0,0.0,0.0,0.0,0.0,0.0,0.0,0.0,0.0,0.0,0.0
109,K Goel,Kings XI Punjab,1,20,218.0,239.0,17.0,9.0,14.0,67.0,94.0,0.0,2.0,0.0,9.0,0.0,1.0,0,0,0,0,0,15.57,91.21,,8.42,Karan Goel,24,12,1986,25,Emerging,0.0,0.0,0.0,0.0,0.0,0.0,0.0,0.0,0.0,0.0,0.0,0.0,0.0,0.0,0.0
110,KA Pollard,Mumbai Indians,0,14,273.0,152.0,23.0,17.0,14.0,233.0,276.0,17.0,13.0,0.0,4.0,0.0,4.0,0,0,2,0,1,19.5,179.61,16.24,7.11,Kieron Pollard,5,12,1987,24,Emerging,0.0,0.0,0.0068965517241379,0.0,0.0,0.2142857142857142,0.0,0.0,1.0,0.0,0.0,0.0,0.0,0.0,0.0
111,KAJ Roach,Deccan Chargers,0,2,10.0,9.0,1.0,0.0,1.0,52.0,80.0,0.0,4.0,0.0,1.0,0.0,0.0,0,0,0,0,0,10.0,111.11,,9.23,Kemar Roach,30,6,1988,23,Emerging,0.0,0.0,0.0,0.0,0.0,0.0,0.0,0.0,0.0,0.0,0.0,0.0,0.0,0.0,0.0
112,KB Arun Karthik,Chennai Super Kings,1,1,3.0,5.0,0.0,0.0,0.0,0.0,0.0,0.0,0.0,0.0,0.0,0.0,0.0,0,0,0,0,0,,60.0,,,Arun Karthik,15,2,1986,25,Emerging,0.0,0.0,0.0,0.0,0.0,0.0,0.0,0.0,0.0,0.0,0.0,0.0,0.0,0.0,0.0
113,KC Sangakkara,Kings XI Punjab,0,34,1009.0,799.0,117.0,18.0,36.0,0.0,0.0,0.0,0.0,0.0,16.0,7.0,4.0,8,0,0,0,0,28.03,126.28,,,Kumar Sangakkara,27,10,1977,34,Experienced,0.0,0.0,0.0,0.0,0.0,0.0,0.0,0.0,0.0,0.0,0.0,0.0,0.0,0.0,0.0
114,KD Karthik,Delhi Daredevils,1,38,711.0,574.0,59.0,19.0,27.0,0.0,0.0,0.0,0.0,0.0,24.0,13.0,6.0,3,0,0,0,0,26.33,123.87,,,Dinesh Karthik,6,1,1985,26,Peak,0.0095238095238095,0.0408560311284046,0.0206896551724137,0.0201994047619047,0.2529407596371882,-0.0333333333333333,3.0,16.0,0.0,2.0,2.0,1.0,0.0,2.0,0.0
115,KM Jadhav,Delhi Daredevils,1,5,76.0,60.0,7.0,2.0,4.0,0.0,0.0,0.0,0.0,0.0,0.0,0.0,0.0,1,0,0,0,0,19.0,126.67,,,Kedar Jadhav,26,3,1985,26,Peak,0.0,0.0,0.0,0.0,0.0,0.0,0.0,0.0,0.0,0.0,0.0,0.0,0.0,0.0,0.0
116,KP Appanna,Royal Challengers Bengaluru,1,8,2.0,4.0,0.0,0.0,1.0,115.0,142.0,5.0,6.0,0.0,1.0,0.0,1.0,0,0,0,0,0,2.0,50.0,28.4,7.41,KP Appanna,20,12,1988,23,Emerging,0.0,0.0,0.0,0.0,0.0,0.0,0.0,0.0,0.0,0.0,0.0,0.0,0.0,0.0,0.0
117,KP Pietersen,Royal Challengers Bengaluru,0,13,329.0,248.0,31.0,10.0,10.0,140.0,165.0,8.0,9.0,0.0,6.0,0.0,0.0,2,0,0,0,0,32.9,132.66,20.62,7.07,Kevin Pietersen,27,6,1980,31,Experienced,0.0038095238095238,0.0,0.0,0.0,0.0,0.0,0.0,0.0,0.0,0.0,0.0,0.0,0.0,0.0,0.0
118,KV Sharma,Royal Challengers Bengaluru,1,1,1.0,3.0,0.0,0.0,1.0,0.0,0.0,0.0,0.0,0.0,0.0,0.0,1.0,0,0,0,0,0,1.0,33.33,,,Karn Sharma,23,10,1987,24,Emerging,0.0,0.0,0.0137931034482758,0.0,0.0,0.675,0.0,0.0,2.0,0.0,0.0,0.0,0.0,0.0,3.0
119,Kamran Akmal,Rajasthan Royals,0,6,128.0,78.0,13.0,8.0,4.0,0.0,0.0,0.0,0.0,0.0,5.0,4.0,0.0,1,0,0,0,0,32.0,164.1,,,Kamran Akmal,13,1,1982,29,Peak,0.0,0.0038910505836575,0.0,0.0,0.0,0.0,0.0,0.0,0.0,0.0,0.0,0.0,0.0,0.0,0.0
120,Kamran Khan,Rajasthan Royals,1,8,3.0,5.0,0.0,0.0,1.0,159.0,201.0,14.0,20.0,0.0,4.0,0.0,1.0,0,0,1,1,0,3.0,60.0,14.36,7.58,Kamran Khan,10,3,1991,20,Young,0.0,0.0,0.0,0.0,0.0,0.0,0.0,0.0,0.0,0.0,0.0,0.0,0.0,0.0,0.0
121,L Ablish,Kings XI Punjab,1,2,0.0,0.0,0.0,0.0,0.0,27.0,37.0,5.0,4.0,0.0,0.0,0.0,0.0,0,0,1,0,0,,,7.4,8.22,Love Ablish,12,3,1982,29,Peak,0.0,0.0,0.0,0.0,0.0,0.0,0.0,0.0,0.0,0.0,0.0,0.0,0.0,0.0,0.0
122,L Balaji,Chennai Super Kings,1,29,22.0,35.0,1.0,1.0,5.0,581.0,827.0,35.0,46.0,1.0,5.0,0.0,1.0,0,0,3,1,0,4.4,62.86,23.63,8.54,Lakshmipathy Balaji,27,9,1981,30,Peak,0.0,0.0,0.0,0.0,0.0,0.0,0.0,0.0,0.0,0.0,0.0,0.0,0.0,0.0,0.0
123,L Ronchi,Mumbai Indians,0,5,34.0,37.0,6.0,1.0,3.0,0.0,0.0,0.0,0.0,0.0,4.0,0.0,0.0,0,0,0,0,0,11.33,91.89,,,Luke Ronchi,23,4,1981,30,Peak,0.0,0.0,0.0,0.0,0.0,0.0,0.0,0.0,0.0,0.0,0.0,0.0,0.0,0.0,0.0
124,LA Carseldine,Rajasthan Royals,0,5,81.0,71.0,11.0,0.0,3.0,7.0,6.0,1.0,1.0,0.0,4.0,0.0,0.0,0,0,0,0,0,27.0,114.08,6.0,5.14,Lee Carseldine,17,11,1975,36,Veteran,0.0,0.0,0.0,0.0,0.0,0.0,0.0,0.0,0.0,0.0,0.0,0.0,0.0,0.0,0.0
125,LA Pomersbach,Kings XI Punjab,0,9,193.0,150.0,16.0,10.0,4.0,0.0,0.0,0.0,0.0,0.0,2.0,0.0,0.0,1,0,0,0,0,48.25,128.67,,,Luke Pomersbach,28,9,1984,27,Peak,0.0076190476190476,0.0,0.0,0.0,0.0,0.0,0.0,0.0,0.0,0.0,0.0,0.0,0.0,0.0,0.0
126,LPC Silva,Deccan Chargers,0,3,40.0,27.0,5.0,1.0,2.0,6.0,21.0,0.0,0.0,0.0,3.0,0.0,1.0,0,0,0,0,0,20.0,148.15,,21.0,Chamara Silva,14,12,1979,32,Experienced,0.0,0.0,0.0,0.0,0.0,0.0,0.0,0.0,0.0,0.0,0.0,0.0,0.0,0.0,0.0
127,LR Shukla,Kolkata Knight Riders,1,27,282.0,240.0,25.0,10.0,16.0,238.0,336.0,14.0,22.0,0.0,5.0,0.0,5.0,0,0,2,0,0,17.62,117.5,24.0,8.47,Laxmi Ratan Shukla,5,6,1981,30,Peak,0.0,0.0,0.0,0.0,0.0,0.0,0.0,0.0,0.0,0.0,0.0,0.0,0.0,0.0,0.0
128,LRPL Taylor,Royal Challengers Bengaluru,0,22,517.0,373.0,35.0,31.0,18.0,7.0,13.0,0.0,1.0,0.0,7.0,0.0,1.0,2,0,0,0,0,28.72,138.61,,11.14,Ross Taylor,3,8,1984,27,Peak,0.0171428571428571,0.0428015564202334,0.0,-0.0412918871252204,0.2138068181818181,0.0,3.0,15.0,0.0,3.0,0.0,0.0,0.0,0.0,0.0
129,M Kaif,Kings XI Punjab,1,5,28.0,31.0,2.0,0.0,3.0,0.0,0.0,0.0,0.0,0.0,3.0,0.0,0.0,0,0,0,0,0,9.33,90.32,,,Mohammad Kaif,12,1,1980,31,Experienced,0.0019047619047619,0.0019455252918287,0.0,0.2,0.25,0.0,1.0,1.0,0.0,0.0,0.0,0.0,0.0,0.0,0.0
130,M Kaif,Rajasthan Royals,1,15,176.0,176.0,14.0,6.0,9.0,0.0,0.0,0.0,0.0,0.0,8.0,0.0,0.0,0,0,0,0,0,19.56,100.0,,,Mohammad Kaif,12,1,1980,31,Experienced,0.0019047619047619,0.0019455252918287,0.0,0.2,0.25,0.0,1.0,1.0,0.0,0.0,0.0,0.0,0.0,0.0,0.0
131,M Kartik,Kolkata Knight Riders,1,26,73.0,70.0,5.0,0.0,4.0,537.0,600.0,20.0,36.0,0.0,9.0,0.0,1.0,0,0,1,0,0,18.25,104.29,30.0,6.7,Murali Kartik,9,11,1976,35,Experienced,0.0,0.0,0.0,0.0,0.0,0.0,0.0,0.0,0.0,0.0,0.0,0.0,0.0,0.0,0.0
132,M Manhas,Delhi Daredevils,1,16,232.0,216.0,21.0,1.0,7.0,0.0,0.0,0.0,0.0,0.0,8.0,0.0,2.0,0,0,0,0,0,33.14,107.41,,,Mithun Manhas,10,12,1979,32,Experienced,0.0,0.0,0.0,0.0,0.0,0.0,0.0,0.0,0.0,0.0,0.0,0.0,0.0,0.0,0.0
133,M Morkel,Rajasthan Royals,0,4,17.0,25.0,2.0,0.0,3.0,90.0,106.0,1.0,6.0,0.0,2.0,0.0,1.0,0,0,0,0,0,5.67,68.0,106.0,7.07,Morne Morkel,10,6,1984,27,Peak,0.0,0.0,0.0,0.0,0.0,0.0,0.0,0.0,0.0,0.0,0.0,0.0,0.0,0.0,0.0
134,M Muralitharan,Chennai Super Kings,0,40,9.0,13.0,1.0,0.0,4.0,979.0,1039.0,43.0,84.0,1.0,11.0,0.0,2.0,0,0,3,0,0,2.25,69.23,24.16,6.37,Muttiah Muralitharan,17,4,1972,39,Veteran,0.0,0.0058365758754863,0.0,0.0,0.0277777777777777,0.0,0.0,2.0,0.0,0.0,0.0,0.0,0.0,0.0,0.0
135,M Ntini,Chennai Super Kings,0,9,11.0,19.0,2.0,0.0,1.0,213.0,257.0,8.0,19.0,1.0,1.0,0.0,2.0,0,0,1,0,0,11.0,57.89,32.12,7.24,Makhaya Ntini,7,6,1977,34,Experienced,0.0,0.0,0.0,0.0,0.0,0.0,0.0,0.0,0.0,0.0,0.0,0.0,0.0,0.0,0.0
136,M Rawat,Rajasthan Royals,1,13,50.0,59.0,4.0,1.0,4.0,0.0,0.0,0.0,0.0,0.0,15.0,1.0,3.0,0,0,0,0,0,12.5,84.75,,,Mayank Rawat,12,4,1999,12,Young,0.0,0.0,0.0,0.0,0.0,0.0,0.0,0.0,0.0,0.0,0.0,0.0,0.0,0.0,0.0
137,M Vijay,Chennai Super Kings,1,19,518.0,374.0,40.0,28.0,16.0,0.0,0.0,0.0,0.0,0.0,14.0,0.0,1.0,2,1,0,0,1,32.38,138.5,,,Murali Vijay,4,1,1984,27,Peak,0.0019047619047619,0.0,0.0137931034482758,0.5,0.0,0.0499999999999999,1.0,0.0,1.0,0.0,0.0,0.0,0.0,0.0,0.0
138,MA Khote,Mumbai Indians,1,3,24.0,22.0,2.0,1.0,2.0,30.0,52.0,2.0,1.0,0.0,0.0,0.0,0.0,0,0,0,0,0,12.0,109.09,26.0,10.4,Musavir Khote,22,4,1980,31,Experienced,0.0,0.0,0.0,0.0,0.0,0.0,0.0,0.0,0.0,0.0,0.0,0.0,0.0,0.0,0.0
139,MB Parmar,Kolkata Knight Riders,1,1,0.0,0.0,0.0,0.0,0.0,19.0,33.0,0.0,1.0,0.0,0.0,0.0,0.0,0,0,0,0,0,,,,10.42,Mohnish Parmar,4,12,1988,23,Emerging,0.0,0.0,0.0,0.0,0.0,0.0,0.0,0.0,0.0,0.0,0.0,0.0,0.0,0.0,0.0
140,MC Henriques,Delhi Daredevils,0,1,11.0,5.0,2.0,0.0,1.0,24.0,35.0,1.0,0.0,0.0,1.0,0.0,0.0,0,0,0,0,0,11.0,220.0,35.0,8.75,Moises Henriques,2,1,1987,24,Emerging,0.0,0.0,0.0,0.0,0.0,0.0,0.0,0.0,0.0,0.0,0.0,0.0,0.0,0.0,0.0
141,MC Henriques,Kolkata Knight Riders,0,4,38.0,40.0,2.0,1.0,2.0,76.0,107.0,2.0,3.0,0.0,3.0,0.0,0.0,0,0,0,0,0,19.0,95.0,53.5,8.45,Moises Henriques,2,1,1987,24,Emerging,0.0,0.0,0.0,0.0,0.0,0.0,0.0,0.0,0.0,0.0,0.0,0.0,0.0,0.0,0.0
142,MD Mishra,Deccan Chargers,1,11,166.0,149.0,18.0,6.0,10.0,0.0,0.0,0.0,0.0,0.0,1.0,0.0,0.0,0,0,0,0,0,16.6,111.41,,,Mohnish Mishra,2,9,1984,27,Peak,0.0,0.0,0.0,0.0,0.0,0.0,0.0,0.0,0.0,0.0,0.0,0.0,0.0,0.0,0.0
143,MEK Hussey,Chennai Super Kings,0,6,205.0,144.0,14.0,11.0,5.0,0.0,0.0,0.0,0.0,0.0,2.0,0.0,0.0,0,1,0,0,0,41.0,142.36,,,Michael Hussey,27,5,1975,36,Veteran,0.0,0.0038910505836575,0.0,0.0,0.3375,0.0,0.0,2.0,0.0,0.0,0.0,0.0,0.0,0.0,0.0
144,MF Maharoof,Delhi Daredevils,0,20,177.0,124.0,12.0,9.0,10.0,441.0,532.0,33.0,38.0,0.0,4.0,0.0,1.0,0,0,5,0,0,17.7,142.74,16.12,7.24,Farveez Maharoof,9,7,1984,27,Peak,0.0,0.0,0.0,0.0,0.0,0.0,0.0,0.0,0.0,0.0,0.0,0.0,0.0,0.0,0.0
145,MJ Lumb,Rajasthan Royals,0,11,278.0,196.0,45.0,6.0,9.0,0.0,0.0,0.0,0.0,0.0,4.0,0.0,0.0,1,0,0,0,0,30.89,141.84,,,Michael Lumb,2,12,1980,31,Experienced,0.0,0.0,0.0,0.0,0.0,0.0,0.0,0.0,0.0,0.0,0.0,0.0,0.0,0.0,0.0
146,MK Pandey,Mumbai Indians,1,2,3.0,10.0,0.0,0.0,2.0,0.0,0.0,0.0,0.0,0.0,0.0,0.0,1.0,0,0,0,0,0,1.5,30.0,,,Manish Pandey,9,10,1989,22,Emerging,0.0,0.0155642023346303,0.0413793103448275,0.0,0.276468253968254,0.1314285714285714,0.0,6.0,3.0,0.0,1.0,0.0,0.0,0.0,0.0
147,MK Pandey,Royal Challengers Bengaluru,1,17,417.0,353.0,44.0,11.0,13.0,0.0,0.0,0.0,0.0,0.0,10.0,0.0,1.0,0,1,0,0,0,32.08,118.13,,,Manish Pandey,9,10,1989,22,Emerging,0.0,0.0155642023346303,0.0413793103448275,0.0,0.276468253968254,0.1314285714285714,0.0,6.0,3.0,0.0,1.0,0.0,0.0,0.0,0.0
148,MK Tiwary,Delhi Daredevils,1,10,113.0,100.0,17.0,0.0,4.0,6.0,11.0,0.0,0.0,0.0,3.0,0.0,2.0,0,0,0,0,0,28.25,113.0,,11.0,Manoj Tiwary,14,11,1985,26,Peak,0.0,0.0077821011673151,0.0,0.0,0.0489583333333333,0.0,0.0,4.0,0.0,0.0,0.0,0.0,0.0,0.0,0.0
149,MK Tiwary,Kolkata Knight Riders,1,12,237.0,192.0,23.0,5.0,10.0,7.0,11.0,1.0,1.0,0.0,4.0,0.0,0.0,2,0,0,0,0,23.7,123.44,11.0,9.43,Manoj Tiwary,14,11,1985,26,Peak,0.0,0.0077821011673151,0.0,0.0,0.0489583333333333,0.0,0.0,4.0,0.0,0.0,0.0,0.0,0.0,0.0,0.0
150,ML Hayden,Chennai Super Kings,0,32,1107.0,839.0,121.0,44.0,28.0,0.0,0.0,0.0,0.0,0.0,11.0,0.0,3.0,8,0,0,0,0,39.54,131.94,,,Matthew Hayden,29,10,1971,40,Veteran,0.0,0.0,0.0,0.0,0.0,0.0,0.0,0.0,0.0,0.0,0.0,0.0,0.0,0.0,0.0
151,MM Patel,Rajasthan Royals,1,30,37.0,32.0,5.0,0.0,3.0,632.0,786.0,39.0,23.0,1.0,4.0,0.0,1.0,0,0,2,0,0,12.33,115.62,20.15,7.46,Munaf Patel,7,12,1983,28,Peak,0.0,0.0058365758754863,0.0,0.0,0.1180555555555555,0.0,0.0,2.0,0.0,0.0,1.0,0.0,0.0,0.0,0.0
152,MN van Wyk,Kolkata Knight Riders,0,5,167.0,135.0,19.0,1.0,3.0,0.0,0.0,0.0,0.0,0.0,7.0,0.0,0.0,1,0,0,0,0,55.67,123.7,,,Morne van Wyk,20,3,1979,32,Experienced,0.0,0.0,0.0,0.0,0.0,0.0,0.0,0.0,0.0,0.0,0.0,0.0,0.0,0.0,0.0
153,MR Marsh,Deccan Chargers,0,3,28.0,31.0,1.0,1.0,2.0,64.0,89.0,2.0,5.0,0.0,0.0,0.0,1.0,0,0,0,0,0,14.0,90.32,44.5,8.34,Mitchell Marsh,20,10,1991,20,Young,0.0,0.0,0.0,0.0,0.0,0.0,0.0,0.0,0.0,0.0,0.0,0.0,0.0,0.0,0.0
154,MS Bisla,Kings XI Punjab,1,10,218.0,189.0,27.0,6.0,9.0,0.0,0.0,0.0,0.0,0.0,4.0,0.0,0.0,1,0,0,0,0,24.22,115.34,,,Manvinder Bisla,27,12,1984,27,Peak,0.0,0.0,0.0,0.0,0.0,0.0,0.0,0.0,0.0,0.0,0.0,0.0,0.0,0.0,0.0
155,MS Dhoni,Chennai Super Kings,1,41,1033.0,804.0,86.0,32.0,28.0,0.0,0.0,0.0,0.0,0.0,15.0,10.0,4.0,6,0,0,0,1,36.89,128.48,,,Mahendra Singh Dhoni,7,7,1981,30,Peak,0.0038095238095238,0.0719844357976653,0.0896551724137931,0.175,0.1242029935779936,0.1692807192807192,1.0,22.0,7.0,0.0,4.0,0.0,0.0,0.0,6.0
156,MS Gony,Chennai Super Kings,1,26,50.0,39.0,2.0,5.0,4.0,529.0,721.0,24.0,33.0,1.0,3.0,0.0,1.0,0,0,2,0,0,12.5,128.21,30.04,8.18,Manpreet Gony,1,4,1984,27,Peak,0.0,0.0,0.0,0.0,0.0,0.0,0.0,0.0,0.0,0.0,0.0,0.0,0.0,0.0,0.0
157,MV Boucher,Royal Challengers Bengaluru,0,26,388.0,312.0,32.0,13.0,14.0,0.0,0.0,0.0,0.0,0.0,13.0,3.0,1.0,1,0,0,0,0,27.71,124.36,,,Mark Boucher,12,3,1976,35,Experienced,0.0095238095238095,0.0233463035019455,0.0,0.1485714285714285,-0.2078869047619047,0.0,3.0,2.0,0.0,1.0,4.0,0.0,0.0,0.0,0.0
158,Mandeep Singh,Kolkata Knight Riders,1,2,4.0,11.0,1.0,0.0,2.0,0.0,0.0,0.0,0.0,0.0,0.0,0.0,0.0,0,0,0,0,0,2.0,36.36,,,Mandeep Singh,18,12,1991,20,Young,0.0,0.0,0.0,0.0,0.0,0.0,0.0,0.0,0.0,0.0,0.0,0.0,0.0,0.0,0.0
159,Mashrafe Mortaza,Kolkata Knight Riders,0,1,2.0,2.0,0.0,0.0,0.0,28.0,59.0,1.0,5.0,0.0,0.0,0.0,1.0,0,0,0,0,0,,100.0,59.0,12.64,Mashrafe Mortaza,10,5,1983,28,Peak,0.0,0.0,0.0,0.0,0.0,0.0,0.0,0.0,0.0,0.0,0.0,0.0,0.0,0.0,0.0
160,Misbah-ul-Haq,Royal Challengers Bengaluru,0,8,117.0,82.0,10.0,6.0,9.0,0.0,0.0,0.0,0.0,0.0,1.0,0.0,0.0,0,0,0,0,0,13.0,142.68,,,Misbah-ul-Haq,28,5,1974,37,Veteran,0.0,0.0175097276264591,0.0,0.0,0.0876131687242798,0.0,0.0,4.0,0.0,0.0,2.0,0.0,0.0,0.0,0.0
161,Mohammad Ashraful,Mumbai Indians,0,1,2.0,12.0,0.0,0.0,1.0,0.0,0.0,0.0,0.0,0.0,2.0,0.0,0.0,0,0,0,0,0,2.0,16.67,,,Mohammad Ashraful,7,7,1984,27,Peak,0.0,0.0,0.0,0.0,0.0,0.0,0.0,0.0,0.0,0.0,0.0,0.0,0.0,0.0,0.0
162,Mohammad Asif,Delhi Daredevils,0,8,3.0,6.0,0.0,0.0,2.0,199.0,307.0,9.0,18.0,0.0,0.0,0.0,0.0,0,0,0,0,0,1.5,50.0,34.11,9.26,Mohammad Asif,20,12,1982,29,Peak,0.0,0.0,0.0,0.0,0.0,0.0,0.0,0.0,0.0,0.0,0.0,0.0,0.0,0.0,0.0
163,Mohammad Hafeez,Kolkata Knight Riders,0,8,64.0,84.0,7.0,2.0,8.0,63.0,71.0,2.0,10.0,0.0,1.0,0.0,1.0,0,0,0,0,0,8.0,76.19,35.5,6.76,Mohammad Hafeez,17,10,1980,31,Experienced,0.0,0.0,0.0,0.0,0.0,0.0,0.0,0.0,0.0,0.0,0.0,0.0,0.0,0.0,0.0
164,ND Doshi,Royal Challengers Bengaluru,1,1,0.0,0.0,0.0,0.0,0.0,25.0,17.0,1.0,1.0,0.0,0.0,0.0,0.0,0,0,0,0,0,,,17.0,4.08,Nayan Doshi,10,6,1978,33,Experienced,0.0,0.0,0.0,0.0,0.0,0.0,0.0,0.0,0.0,0.0,0.0,0.0,0.0,0.0,0.0
165,NK Patel,Rajasthan Royals,1,7,121.0,124.0,14.0,1.0,5.0,0.0,0.0,0.0,0.0,0.0,6.0,0.0,0.0,1,0,0,0,0,24.2,97.58,,,Nisarg Patel,20,4,1988,23,Emerging,0.0,0.0,0.0,0.0,0.0,0.0,0.0,0.0,0.0,0.0,0.0,0.0,0.0,0.0,0.0
166,NLTC Perera,Chennai Super Kings,0,1,0.0,0.0,0.0,0.0,0.0,6.0,19.0,0.0,0.0,0.0,0.0,0.0,0.0,0,0,0,0,0,,,,19.0,Thisara Perera,4,3,1989,22,Emerging,0.0,0.0,0.0,0.0,0.0,0.0,0.0,0.0,0.0,0.0,0.0,0.0,0.0,0.0,0.0
167,NV Ojha,Rajasthan Royals,1,22,545.0,439.0,53.0,26.0,19.0,0.0,0.0,0.0,0.0,0.0,6.0,6.0,2.0,4,0,0,0,0,28.68,124.15,,,Naman Ojha,20,7,1983,28,Peak,0.0,0.0,0.0,0.0,0.0,0.0,0.0,0.0,0.0,0.0,0.0,0.0,0.0,0.0,0.0
168,OA Shah,Kolkata Knight Riders,0,5,115.0,96.0,7.0,5.0,3.0,0.0,0.0,0.0,0.0,0.0,0.0,0.0,0.0,1,0,0,0,0,38.33,119.79,,,Owais Shah,22,10,1978,33,Experienced,0.0,0.0,0.0,0.0,0.0,0.0,0.0,0.0,0.0,0.0,0.0,0.0,0.0,0.0,0.0
169,P Amarnath,Chennai Super Kings,1,6,0.0,0.0,0.0,0.0,0.0,132.0,241.0,7.0,5.0,0.0,2.0,0.0,0.0,0,0,0,0,0,,,34.43,10.95,Palani Amarnath,6,1,1982,29,Peak,0.0,0.0,0.0,0.0,0.0,0.0,0.0,0.0,0.0,0.0,0.0,0.0,0.0,0.0,0.0
170,P Dogra,Rajasthan Royals,1,9,107.0,108.0,4.0,5.0,6.0,0.0,0.0,0.0,0.0,0.0,2.0,0.0,1.0,0,0,0,0,0,17.83,99.07,,,Paras Dogra,19,11,1984,27,Peak,0.0,0.0,0.0,0.0,0.0,0.0,0.0,0.0,0.0,0.0,0.0,0.0,0.0,0.0,0.0
171,P Kumar,Royal Challengers Bengaluru,1,38,181.0,154.0,11.0,12.0,16.0,875.0,1169.0,40.0,79.0,2.0,4.0,0.0,1.0,0,0,4,0,0,11.31,117.53,29.22,8.02,Praveen Kumar,2,10,1986,25,Emerging,0.0,0.0077821011673151,0.0,0.0,0.1555555555555555,0.0,0.0,2.0,0.0,0.0,0.0,0.0,0.0,0.0,0.0
172,PA Patel,Chennai Super Kings,1,26,516.0,529.0,67.0,7.0,24.0,0.0,0.0,0.0,0.0,0.0,9.0,2.0,0.0,3,0,0,0,0,21.5,97.54,,,Parthiv Patel,3,9,1985,26,Peak,0.0,0.0097276264591439,0.0,0.0,0.3628571428571429,0.0,0.0,5.0,0.0,0.0,0.0,0.0,0.0,0.0,0.0
173,PC Valthaty,Rajasthan Royals,1,2,6.0,12.0,1.0,0.0,2.0,0.0,0.0,0.0,0.0,0.0,0.0,0.0,0.0,0,0,0,0,0,3.0,50.0,,,Paul Valthaty,12,7,1983,28,Peak,0.0,0.0,0.0,0.0,0.0,0.0,0.0,0.0,0.0,0.0,0.0,0.0,0.0,0.0,0.0
174,PD Collingwood,Delhi Daredevils,0,8,203.0,159.0,9.0,13.0,4.0,90.0,101.0,5.0,1.0,0.0,3.0,0.0,0.0,3,0,0,0,0,50.75,127.67,20.2,6.73,Paul Collingwood,26,5,1976,35,Experienced,0.0,0.0,0.0068965517241379,0.0,0.0,0.0,0.0,0.0,0.0,0.0,0.0,0.0,0.0,0.0,0.0
175,PJ Sangwan,Delhi Daredevils,1,28,18.0,30.0,0.0,0.0,4.0,651.0,855.0,34.0,67.0,1.0,5.0,0.0,2.0,0,0,4,0,0,4.5,60.0,25.15,7.88,Pradeep Sangwan,11,5,1990,21,Emerging,0.0,0.0175097276264591,0.0,0.0,0.1604166666666666,0.0,0.0,7.0,0.0,0.0,2.0,0.0,0.0,0.0,0.0
176,PM Sarvesh Kumar,Deccan Chargers,1,2,1.0,2.0,0.0,0.0,0.0,31.0,42.0,1.0,1.0,0.0,0.0,0.0,0.0,0,0,0,0,0,,50.0,42.0,8.13,Sarvesh Kumar,26,4,1989,22,Emerging,0.0,0.0,0.0,0.0,0.0,0.0,0.0,0.0,0.0,0.0,0.0,0.0,0.0,0.0,0.0
177,PP Chawla,Kings XI Punjab,1,43,183.0,163.0,20.0,3.0,12.0,855.0,1086.0,44.0,47.0,0.0,14.0,0.0,3.0,0,0,4,0,0,15.25,112.27,24.68,7.62,Piyush Chawla,24,12,1988,23,Emerging,0.0,0.0077821011673151,0.0,0.0,0.2442460317460317,0.0,0.0,3.0,0.0,0.0,0.0,0.0,0.0,0.0,0.0
178,PP Ojha,Deccan Chargers,1,43,6.0,19.0,0.0,0.0,7.0,923.0,1097.0,54.0,73.0,0.0,9.0,0.0,0.0,0,0,4,0,0,0.86,31.58,20.31,7.13,Pragyan Ojha,9,5,1986,25,Emerging,0.0228571428571428,0.0116731517509727,0.0,0.0120900222462722,0.1416666666666666,0.0,2.0,3.0,0.0,7.0,0.0,0.0,0.0,0.0,0.0
179,PR Shah,Mumbai Indians,1,12,87.0,92.0,8.0,2.0,7.0,0.0,0.0,0.0,0.0,0.0,10.0,2.0,1.0,0,0,0,0,0,12.43,94.57,,,Pinal Shah,11,3,1987,24,Emerging,0.0,0.0038910505836575,0.0,0.0,0.0,0.0,0.0,0.0,0.0,0.0,0.0,0.0,0.0,0.0,0.0
180,Pankaj Singh,Rajasthan Royals,1,5,5.0,8.0,0.0,0.0,0.0,76.0,129.0,0.0,4.0,0.0,1.0,0.0,0.0,0,0,0,0,0,,62.5,,10.18,Pankaj Singh,5,6,1985,26,Peak,0.0,0.0,0.0,0.0,0.0,0.0,0.0,0.0,0.0,0.0,0.0,0.0,0.0,0.0,0.0
181,Pankaj Singh,Royal Challengers Bengaluru,1,5,2.0,4.0,0.0,0.0,2.0,96.0,148.0,4.0,12.0,1.0,1.0,0.0,0.0,0,0,0,0,0,1.0,50.0,37.0,9.25,Pankaj Singh,5,6,1985,26,Peak,0.0,0.0,0.0,0.0,0.0,0.0,0.0,0.0,0.0,0.0,0.0,0.0,0.0,0.0,0.0
182,R Ashwin,Chennai Super Kings,1,14,38.0,55.0,3.0,0.0,4.0,321.0,322.0,16.0,25.0,1.0,2.0,0.0,1.0,0,0,1,0,0,9.5,69.09,20.12,6.02,Ravichandran Ashwin,17,9,1986,25,Emerging,0.0304761904761904,0.0,0.0137931034482758,0.016063988095238,0.0,0.4389285714285714,6.0,0.0,2.0,6.0,0.0,0.0,0.0,4.0,0.0
183,R Bhatia,Delhi Daredevils,1,22,66.0,63.0,4.0,4.0,10.0,365.0,474.0,23.0,22.0,0.0,6.0,0.0,1.0,0,0,4,0,0,6.6,104.76,20.61,7.79,Rajat Bhatia,22,10,1979,32,Experienced,0.0,0.0038910505836575,0.0,0.0,0.0312499999999999,0.0,0.0,2.0,0.0,0.0,0.0,0.0,0.0,0.0,0.0
184,R Bishnoi,Royal Challengers Bengaluru,1,3,19.0,17.0,1.0,2.0,3.0,0.0,0.0,0.0,0.0,0.0,1.0,0.0,0.0,0,0,0,0,0,6.33,111.76,,,Ravi Bishnoi,9,5,2000,11,Young,0.0,0.0,0.0,0.0,0.0,0.0,0.0,0.0,0.0,0.0,0.0,0.0,0.0,0.0,0.0
185,R Dravid,Royal Challengers Bengaluru,1,42,898.0,741.0,97.0,17.0,34.0,0.0,0.0,0.0,0.0,0.0,8.0,0.0,4.0,4,0,0,0,0,26.41,121.19,,,Rahul Dravid,1,11,1973,38,Veteran,0.0076190476190476,0.0408560311284046,0.0068965517241379,0.0625,0.1153612084564465,0.1357142857142857,2.0,15.0,1.0,1.0,2.0,0.0,0.0,0.0,0.0
186,R McLaren,Mumbai Indians,0,10,66.0,71.0,7.0,0.0,3.0,215.0,281.0,5.0,22.0,0.0,2.0,0.0,1.0,0,0,0,0,0,22.0,92.96,56.2,7.84,Ryan McLaren,2,9,1983,28,Peak,0.0,0.0,0.0,0.0,0.0,0.0,0.0,0.0,0.0,0.0,0.0,0.0,0.0,0.0,0.0
187,R Sathish,Mumbai Indians,1,11,112.0,98.0,11.0,0.0,6.0,51.0,81.0,3.0,3.0,0.0,2.0,0.0,2.0,0,0,0,0,0,18.67,114.29,27.0,9.53,Rajagopal Sathish,14,1,1981,30,Peak,0.0,0.0,0.0,0.0,0.0,0.0,0.0,0.0,0.0,0.0,0.0,0.0,0.0,0.0,0.0
188,R Sharma,Deccan Chargers,1,6,29.0,26.0,3.0,1.0,3.0,126.0,170.0,6.0,5.0,0.0,0.0,0.0,0.0,0,0,0,0,0,9.67,111.54,28.33,8.1,Rahul Sharma,30,11,1986,25,Emerging,0.0,0.0,0.0,0.0,0.0,0.0,0.0,0.0,0.0,0.0,0.0,0.0,0.0,0.0,0.0
189,R Vinay Kumar,Royal Challengers Bengaluru,1,34,99.0,107.0,7.0,2.0,10.0,624.0,860.0,35.0,26.0,0.0,9.0,0.0,2.0,0,0,3,1,0,9.9,92.52,24.57,8.27,R Vinay Kumar,2,12,1984,27,Peak,0.0,0.0,0.0,0.0,0.0,0.0,0.0,0.0,0.0,0.0,0.0,0.0,0.0,0.0,0.0
190,RA Jadeja,Rajasthan Royals,1,26,430.0,384.0,32.0,12.0,19.0,157.0,177.0,7.0,10.0,1.0,12.0,0.0,5.0,0,0,1,0,0,22.63,111.98,25.29,6.76,Ravindra Jadeja,12,6,1988,23,Emerging,0.0,0.0252918287937743,0.0,0.0,0.2093968531468532,0.0,0.0,9.0,0.0,0.0,0.0,0.0,0.0,0.0,0.0
191,RA Shaikh,Mumbai Indians,1,1,0.0,0.0,0.0,0.0,0.0,6.0,11.0,0.0,0.0,0.0,0.0,0.0,0.0,0,0,0,0,0,,,,11.0,Rahil Shaikh,6,12,1985,26,Peak,0.0,0.0,0.0,0.0,0.0,0.0,0.0,0.0,0.0,0.0,0.0,0.0,0.0,0.0,0.0
192,RE van der Merwe,Royal Challengers Bengaluru,0,11,123.0,103.0,8.0,8.0,9.0,236.0,290.0,11.0,23.0,0.0,3.0,0.0,1.0,0,0,0,0,0,13.67,119.42,26.36,7.37,Roelof van der Merwe,31,12,1984,27,Peak,0.0,0.0,0.0,0.0,0.0,0.0,0.0,0.0,0.0,0.0,0.0,0.0,0.0,0.0,0.0
193,RG Sharma,Deccan Chargers,1,45,1170.0,909.0,96.0,51.0,42.0,284.0,348.0,15.0,18.0,0.0,21.0,0.0,2.0,8,0,2,0,0,27.86,128.71,23.2,7.35,Rohit Sharma,30,4,1987,24,Emerging,0.0304761904761904,0.0272373540856031,0.0,0.1811458333333333,0.1963169642857143,0.0,8.0,8.0,0.0,3.0,1.0,0.0,0.0,0.0,0.0
194,RJ Harris,Deccan Chargers,0,16,66.0,57.0,2.0,2.0,5.0,387.0,474.0,21.0,34.0,1.0,9.0,0.0,0.0,0,0,4,0,0,13.2,115.79,22.57,7.35,Ryan Harris,10,11,1979,32,Experienced,0.0,0.0,0.0,0.0,0.0,0.0,0.0,0.0,0.0,0.0,0.0,0.0,0.0,0.0,0.0
195,RJ Quiney,Rajasthan Royals,0,7,103.0,105.0,12.0,3.0,7.0,0.0,0.0,0.0,0.0,0.0,2.0,0.0,0.0,1,0,0,0,0,14.71,98.1,,,Rob Quiney,20,8,1982,29,Peak,0.0266666666666666,0.0,0.0,0.0689165249433106,0.0,0.0,7.0,0.0,0.0,4.0,0.0,0.0,0.0,4.0,0.0
196,RP Singh,Deccan Chargers,1,42,44.0,62.0,2.0,1.0,11.0,973.0,1274.0,57.0,102.0,1.0,15.0,0.0,4.0,0,0,6,1,0,4.0,70.97,22.35,7.86,RP Singh,12,6,1985,26,Peak,0.0038095238095238,0.0058365758754863,0.0,-0.0749999999999999,0.0,0.0,0.0,0.0,0.0,1.0,0.0,0.0,0.0,0.0,0.0
197,RR Bose,Kings XI Punjab,1,1,0.0,0.0,0.0,0.0,0.0,12.0,24.0,0.0,0.0,0.0,0.0,0.0,0.0,0,0,0,0,0,,,,12.0,Ranadeb Bose,27,2,1979,32,Experienced,0.0,0.0,0.0,0.0,0.0,0.0,0.0,0.0,0.0,0.0,0.0,0.0,0.0,0.0,0.0
198,RR Powar,Kings XI Punjab,1,21,56.0,51.0,6.0,1.0,1.0,353.0,394.0,13.0,37.0,0.0,5.0,0.0,0.0,0,0,0,0,0,56.0,109.8,30.31,6.7,Ramesh Powar,20,5,1978,33,Experienced,0.0,0.0,0.0,0.0,0.0,0.0,0.0,0.0,0.0,0.0,0.0,0.0,0.0,0.0,0.0
199,RR Raje,Mumbai Indians,1,10,20.0,18.0,1.0,1.0,1.0,144.0,214.0,7.0,14.0,1.0,3.0,0.0,1.0,0,0,0,0,0,20.0,111.11,30.57,8.92,Rohan Raje,9,3,1986,25,Emerging,0.0,0.0,0.0,0.0,0.0,0.0,0.0,0.0,0.0,0.0,0.0,0.0,0.0,0.0,0.0
200,RR Sarwan,Kings XI Punjab,0,4,73.0,78.0,6.0,1.0,3.0,0.0,0.0,0.0,0.0,0.0,1.0,0.0,0.0,0,0,0,0,0,24.33,93.59,,,Ramnaresh Sarwan,23,6,1980,31,Experienced,0.0,0.0,0.0,0.0,0.0,0.0,0.0,0.0,0.0,0.0,0.0,0.0,0.0,0.0,0.0
201,RS Bopara,Kings XI Punjab,0,15,386.0,347.0,33.0,10.0,14.0,90.0,137.0,5.0,14.0,0.0,3.0,0.0,0.0,3,0,1,0,0,27.57,111.24,27.4,9.13,Ravi Bopara,5,4,1985,26,Peak,0.0,0.0,0.0,0.0,0.0,0.0,0.0,0.0,0.0,0.0,0.0,0.0,0.0,0.0,0.0
202,RS Gavaskar,Kolkata Knight Riders,1,2,2.0,8.0,0.0,0.0,1.0,6.0,8.0,0.0,0.0,0.0,0.0,0.0,0.0,0,0,0,0,0,2.0,25.0,,8.0,Rohan Gavaskar,20,2,1976,35,Experienced,0.0,0.0,0.0,0.0,0.0,0.0,0.0,0.0,0.0,0.0,0.0,0.0,0.0,0.0,0.0
203,RS Sodhi,Kings XI Punjab,1,2,4.0,2.0,1.0,0.0,0.0,0.0,0.0,0.0,0.0,0.0,2.0,0.0,0.0,0,0,0,0,0,,200.0,,,Reetinder Singh Sodhi,18,10,1980,31,Experienced,0.0,0.0,0.0,0.0,0.0,0.0,0.0,0.0,0.0,0.0,0.0,0.0,0.0,0.0,0.0
204,RT Ponting,Kolkata Knight Riders,0,4,39.0,53.0,2.0,1.0,3.0,0.0,0.0,0.0,0.0,0.0,2.0,0.0,0.0,0,0,0,0,0,13.0,73.58,,,Ricky Ponting,19,12,1974,37,Veteran,0.0,0.0116731517509727,0.0,0.0,0.1847222222222222,0.0,0.0,3.0,0.0,0.0,0.0,0.0,0.0,0.0,0.0
205,RV Uthappa,Mumbai Indians,1,14,320.0,291.0,34.0,9.0,12.0,0.0,0.0,0.0,0.0,0.0,9.0,0.0,1.0,0,0,0,0,0,26.67,109.97,,,Robin Uthappa,11,11,1985,26,Peak,0.0057142857142857,0.0058365758754863,0.0137931034482758,-0.0714285714285714,0.4333333333333334,0.1442857142857142,0.0,3.0,2.0,1.0,0.0,0.0,0.0,0.0,0.0
206,RV Uthappa,Royal Challengers Bengaluru,1,30,549.0,401.0,39.0,30.0,23.0,0.0,0.0,0.0,0.0,0.0,14.0,4.0,3.0,4,0,0,0,0,23.87,136.91,,,Robin Uthappa,11,11,1985,26,Peak,0.0057142857142857,0.0058365758754863,0.0137931034482758,-0.0714285714285714,0.4333333333333334,0.1442857142857142,0.0,3.0,2.0,1.0,0.0,0.0,0.0,0.0,0.0
207,S Anirudha,Chennai Super Kings,1,4,31.0,27.0,2.0,2.0,2.0,0.0,0.0,0.0,0.0,0.0,3.0,0.0,0.0,0,0,0,0,0,15.5,114.81,,,Anirudha Srikkanth,14,4,1987,24,Emerging,0.0,0.0,0.0,0.0,0.0,0.0,0.0,0.0,0.0,0.0,0.0,0.0,0.0,0.0,0.0
208,S Badrinath,Chennai Super Kings,1,40,725.0,614.0,82.0,17.0,27.0,0.0,0.0,0.0,0.0,0.0,11.0,0.0,4.0,5,0,0,0,0,26.85,118.08,,,Subramaniam Badrinath,30,8,1980,31,Experienced,0.0,0.0019455252918287,0.0,0.0,0.35,0.0,0.0,1.0,0.0,0.0,0.0,0.0,0.0,0.0,0.0
209,S Chanderpaul,Royal Challengers Bengaluru,0,3,25.0,33.0,4.0,0.0,3.0,0.0,0.0,0.0,0.0,0.0,0.0,0.0,0.0,0,0,0,0,0,8.33,75.76,,,Shivnarine Chanderpaul,16,8,1974,37,Veteran,0.0,0.0136186770428015,0.0,0.0,0.1035714285714285,0.0,0.0,3.0,0.0,0.0,2.0,0.0,0.0,0.0,0.0
210,S Dhawan,Delhi Daredevils,1,14,340.0,308.0,35.0,8.0,10.0,0.0,0.0,0.0,0.0,0.0,8.0,0.0,0.0,4,0,0,0,0,34.0,110.39,,,Shikhar Dhawan,12,5,1985,26,Peak,0.0,0.0252918287937743,0.0,0.0,0.142318376068376,0.0,0.0,10.0,0.0,0.0,3.0,0.0,0.0,0.0,0.0
211,S Dhawan,Mumbai Indians,1,15,231.0,226.0,26.0,3.0,14.0,0.0,0.0,0.0,0.0,0.0,7.0,0.0,0.0,2,0,0,0,0,16.5,102.21,,,Shikhar Dhawan,12,5,1985,26,Peak,0.0,0.0252918287937743,0.0,0.0,0.142318376068376,0.0,0.0,10.0,0.0,0.0,3.0,0.0,0.0,0.0,0.0
212,S Ladda,Delhi Daredevils,1,5,0.0,10.0,0.0,0.0,2.0,92.0,144.0,4.0,3.0,0.0,0.0,0.0,1.0,0,0,0,0,0,0.0,0.0,36.0,9.39,Sarabjit Ladda,7,10,1986,25,Emerging,0.0,0.0,0.0,0.0,0.0,0.0,0.0,0.0,0.0,0.0,0.0,0.0,0.0,0.0,0.0
213,S Narwal,Rajasthan Royals,1,5,14.0,13.0,2.0,0.0,3.0,99.0,186.0,6.0,6.0,0.0,1.0,0.0,1.0,0,0,1,0,0,4.67,107.69,31.0,11.27,Sumit Narwal,16,4,1982,29,Peak,0.0,0.0,0.0,0.0,0.0,0.0,0.0,0.0,0.0,0.0,0.0,0.0,0.0,0.0,0.0
214,S Sohal,Kings XI Punjab,1,10,119.0,110.0,9.0,8.0,9.0,0.0,0.0,0.0,0.0,0.0,2.0,0.0,0.0,0,0,0,0,0,13.22,108.18,,,Sunny Sohal,11,10,1987,24,Emerging,0.0,0.0,0.0,0.0,0.0,0.0,0.0,0.0,0.0,0.0,0.0,0.0,0.0,0.0,0.0
215,S Sreesanth,Kings XI Punjab,1,28,32.0,44.0,6.0,0.0,1.0,605.0,838.0,30.0,72.0,0.0,2.0,0.0,0.0,0,0,1,0,0,32.0,72.73,27.93,8.31,S Sreesanth,2,6,1983,28,Peak,0.0,0.0,0.0,0.0,0.0,0.0,0.0,0.0,0.0,0.0,0.0,0.0,0.0,0.0,0.0
216,S Sriram,Royal Challengers Bengaluru,1,1,27.0,31.0,3.0,0.0,1.0,12.0,24.0,0.0,0.0,0.0,0.0,0.0,0.0,0,0,0,0,0,27.0,87.1,,12.0,Sridharan Sriram,21,2,1976,35,Experienced,0.0,0.0,0.0,0.0,0.0,0.0,0.0,0.0,0.0,0.0,0.0,0.0,0.0,0.0,0.0
217,S Tyagi,Chennai Super Kings,1,14,3.0,4.0,0.0,0.0,0.0,220.0,304.0,6.0,20.0,0.0,3.0,0.0,0.0,0,0,0,0,0,,75.0,50.67,8.29,Sudeep Tyagi,17,9,1987,24,Emerging,0.0,0.0,0.0,0.0,0.0,0.0,0.0,0.0,0.0,0.0,0.0,0.0,0.0,0.0,0.0
218,S Vidyut,Chennai Super Kings,1,8,145.0,115.0,21.0,3.0,8.0,13.0,22.0,1.0,1.0,0.0,1.0,0.0,0.0,1,0,0,0,0,18.12,126.09,22.0,10.15,S Vidyut,12,3,1981,30,Peak,0.0,0.0,0.0,0.0,0.0,0.0,0.0,0.0,0.0,0.0,0.0,0.0,0.0,0.0,0.0
219,SA Asnodkar,Rajasthan Royals,1,18,414.0,343.0,55.0,10.0,18.0,0.0,0.0,0.0,0.0,0.0,6.0,0.0,0.0,2,0,0,0,0,23.0,120.7,,,Swapnil Asnodkar,29,3,1984,27,Peak,0.0,0.0,0.0,0.0,0.0,0.0,0.0,0.0,0.0,0.0,0.0,0.0,0.0,0.0,0.0
220,SB Bangar,Deccan Chargers,1,10,47.0,49.0,1.0,3.0,5.0,153.0,221.0,6.0,9.0,0.0,2.0,0.0,2.0,0,0,0,0,0,9.4,95.92,36.83,8.67,Sanjay Bangar,10,11,1972,39,Veteran,0.0,0.0,0.0,0.0,0.0,0.0,0.0,0.0,0.0,0.0,0.0,0.0,0.0,0.0,0.0
221,SB Bangar,Kolkata Knight Riders,1,1,2.0,9.0,0.0,0.0,1.0,0.0,0.0,0.0,0.0,0.0,0.0,0.0,0.0,0,0,0,0,0,2.0,22.22,,,Sanjay Bangar,10,11,1972,39,Veteran,0.0,0.0,0.0,0.0,0.0,0.0,0.0,0.0,0.0,0.0,0.0,0.0,0.0,0.0,0.0
222,SB Jakati,Chennai Super Kings,1,19,20.0,16.0,3.0,0.0,2.0,407.0,525.0,28.0,26.0,1.0,4.0,0.0,1.0,0,0,3,0,0,10.0,125.0,18.75,7.74,Shadab Jakati,27,11,1980,31,Experienced,0.0,0.0,0.0,0.0,0.0,0.0,0.0,0.0,0.0,0.0,0.0,0.0,0.0,0.0,0.0
223,SB Joshi,Royal Challengers Bengaluru,1,4,6.0,16.0,0.0,0.0,2.0,55.0,82.0,1.0,0.0,0.0,0.0,0.0,0.0,0,0,0,0,0,3.0,37.5,82.0,8.95,Sunil Joshi,6,6,1970,41,Veteran,0.0,0.0077821011673151,0.0,0.0,-0.5,0.0,0.0,0.0,0.0,0.0,2.0,0.0,0.0,0.0,0.0
224,SB Styris,Deccan Chargers,0,10,126.0,132.0,9.0,3.0,7.0,216.0,265.0,9.0,8.0,0.0,1.0,0.0,0.0,0,0,1,0,0,18.0,95.45,29.44,7.36,Scott Styris,7,10,1975,36,Veteran,0.0,0.0097276264591439,0.0,0.0,0.0699999999999999,0.0,0.0,1.0,0.0,0.0,0.0,0.0,0.0,0.0,0.0
225,SB Wagh,Rajasthan Royals,1,1,0.0,0.0,0.0,0.0,0.0,6.0,16.0,1.0,0.0,0.0,0.0,0.0,0.0,0,0,0,0,0,,,16.0,16.0,Shrikant Wagh,10,9,1988,23,Emerging,0.0,0.0,0.0,0.0,0.0,0.0,0.0,0.0,0.0,0.0,0.0,0.0,0.0,0.0,0.0
226,SC Ganguly,Kolkata Knight Riders,1,39,1031.0,977.0,104.0,36.0,38.0,219.0,273.0,9.0,8.0,0.0,15.0,0.0,1.0,7,0,1,0,0,27.13,105.53,30.33,7.48,Sourav Ganguly,7,8,1972,39,Veteran,0.0019047619047619,0.0155642023346303,0.0413793103448275,-0.5,0.2693948412698412,0.1642857142857142,0.0,7.0,3.0,1.0,0.0,0.0,0.0,0.0,0.0
227,SD Chitnis,Mumbai Indians,1,3,18.0,10.0,1.0,1.0,2.0,38.0,62.0,2.0,8.0,0.0,1.0,0.0,0.0,0,0,0,0,0,9.0,180.0,31.0,9.79,Siddharth Chitnis,5,6,1987,24,Emerging,0.0,0.0,0.0,0.0,0.0,0.0,0.0,0.0,0.0,0.0,0.0,0.0,0.0,0.0,0.0
228,SD Chitnis,Rajasthan Royals,1,1,6.0,9.0,1.0,0.0,1.0,0.0,0.0,0.0,0.0,0.0,0.0,0.0,0.0,0,0,0,0,0,6.0,66.67,,,Siddharth Chitnis,5,6,1987,24,Emerging,0.0,0.0,0.0,0.0,0.0,0.0,0.0,0.0,0.0,0.0,0.0,0.0,0.0,0.0,0.0
229,SE Bond,Kolkata Knight Riders,0,8,1.0,2.0,0.0,0.0,1.0,191.0,225.0,9.0,7.0,1.0,0.0,0.0,0.0,0,0,0,0,0,1.0,50.0,25.0,7.07,Shane Bond,6,7,1975,36,Veteran,0.0,0.0,0.0,0.0,0.0,0.0,0.0,0.0,0.0,0.0,0.0,0.0,0.0,0.0,0.0
230,SE Marsh,Kings XI Punjab,0,15,763.0,569.0,73.0,32.0,13.0,0.0,0.0,0.0,0.0,0.0,4.0,0.0,1.0,7,1,0,0,0,58.69,134.09,,,Shaun Marsh,7,9,1983,28,Peak,0.0019047619047619,0.0,0.0,0.5,0.0,0.0,1.0,0.0,0.0,0.0,0.0,0.0,0.0,0.0,0.0
231,SJ Srivastava,Kings XI Punjab,1,8,1.0,2.0,0.0,0.0,1.0,178.0,257.0,6.0,18.0,0.0,1.0,0.0,0.0,0,0,0,0,0,1.0,50.0,42.83,8.66,Shalabh Srivastava,22,9,1974,37,Veteran,0.0,0.0,0.0,0.0,0.0,0.0,0.0,0.0,0.0,0.0,0.0,0.0,0.0,0.0,0.0
232,SK Raina,Chennai Super Kings,1,45,1383.0,1009.0,117.0,62.0,37.0,334.0,380.0,17.0,13.0,1.0,27.0,0.0,6.0,9,0,0,0,1,37.38,137.07,22.35,6.83,Suresh Raina,27,11,1986,25,Emerging,0.0019047619047619,0.0136186770428015,0.0,0.0,0.3063492063492062,0.0,0.0,6.0,0.0,0.0,0.0,0.0,0.0,0.0,0.0
233,SK Trivedi,Rajasthan Royals,1,33,34.0,46.0,3.0,1.0,6.0,641.0,825.0,34.0,35.0,0.0,5.0,0.0,2.0,0,0,2,0,0,5.67,73.91,24.26,7.72,Siddharth Trivedi,9,4,1982,29,Peak,0.0,0.0,0.0,0.0,0.0,0.0,0.0,0.0,0.0,0.0,0.0,0.0,0.0,0.0,0.0
234,SK Warne,Rajasthan Royals,0,42,188.0,199.0,13.0,6.0,17.0,937.0,1167.0,46.0,49.0,1.0,10.0,0.0,2.0,0,0,4,0,1,11.06,94.47,25.37,7.47,Shane Warne,13,9,1969,42,Veteran,0.0171428571428571,0.0486381322957198,0.0206896551724137,0.0381580687830687,0.1077600529100529,-0.1333333333333333,4.0,10.0,0.0,3.0,6.0,1.0,0.0,0.0,0.0
235,SL Malinga,Mumbai Indians,0,26,1.0,2.0,0.0,0.0,1.0,636.0,694.0,38.0,93.0,3.0,4.0,0.0,3.0,0,0,6,0,1,1.0,50.0,18.26,6.55,Lasith Malinga,28,8,1983,28,Peak,0.0,0.0,0.0068965517241379,0.0,0.0,0.5,0.0,0.0,1.0,0.0,0.0,0.0,0.0,0.0,0.0
236,SM Harwood,Rajasthan Royals,0,3,9.0,14.0,0.0,0.0,0.0,67.0,74.0,3.0,13.0,0.0,2.0,0.0,0.0,0,0,0,0,0,,64.29,24.67,6.63,Shane Harwood,3,1,1974,37,Veteran,0.0,0.0,0.0,0.0,0.0,0.0,0.0,0.0,0.0,0.0,0.0,0.0,0.0,0.0,0.0
237,SM Katich,Kings XI Punjab,0,11,241.0,191.0,26.0,8.0,10.0,0.0,0.0,0.0,0.0,0.0,2.0,0.0,2.0,2,0,0,0,0,24.1,126.18,,,Simon Katich,21,8,1975,36,Veteran,0.0,0.0,0.0,0.0,0.0,0.0,0.0,0.0,0.0,0.0,0.0,0.0,0.0,0.0,0.0
238,SM Pollock,Mumbai Indians,0,13,147.0,116.0,12.0,8.0,8.0,280.0,307.0,13.0,10.0,1.0,2.0,0.0,0.0,0,0,1,0,0,18.38,126.72,23.62,6.58,Shaun Pollock,16,7,1973,38,Veteran,0.0,0.0,0.0,0.0,0.0,0.0,0.0,0.0,0.0,0.0,0.0,0.0,0.0,0.0,0.0
239,SP Fleming,Chennai Super Kings,0,10,196.0,171.0,27.0,3.0,9.0,0.0,0.0,0.0,0.0,0.0,2.0,0.0,0.0,0,0,0,0,0,21.78,114.62,,,Stephen Fleming,4,1,1973,38,Veteran,0.0,0.0097276264591439,0.0,0.0,0.265,0.0,0.0,4.0,0.0,0.0,0.0,0.0,0.0,0.0,0.0
240,SP Goswami,Royal Challengers Bengaluru,1,7,143.0,160.0,17.0,1.0,6.0,0.0,0.0,0.0,0.0,0.0,3.0,2.0,1.0,1,0,0,0,0,23.83,89.38,,,Shreevats Goswami,18,5,1989,22,Emerging,0.0,0.0,0.0068965517241379,0.0,0.0,0.5,0.0,0.0,1.0,0.0,0.0,0.0,0.0,0.0,0.0
241,SR Tendulkar,Mumbai Indians,1,35,1170.0,993.0,151.0,15.0,30.0,37.0,59.0,0.0,2.0,0.0,15.0,0.0,1.0,8,0,0,0,1,39.0,117.82,,9.57,Sachin Ramesh Tendulkar,24,4,1973,38,Veteran,0.0133333333333333,0.0194552529182879,0.0,-0.0714285714285714,0.1180952380952381,0.0,0.0,6.0,0.0,1.0,1.0,0.0,0.0,0.0,0.0
242,SR Watson,Rajasthan Royals,0,21,657.0,439.0,65.0,28.0,15.0,483.0,580.0,27.0,39.0,1.0,4.0,0.0,0.0,6,0,4,0,1,43.8,149.66,21.48,7.2,Shane Watson,17,6,1981,30,Peak,0.0095238095238095,0.0116731517509727,0.0137931034482758,0.0156277056277056,0.0638888888888888,0.7857142857142857,1.0,3.0,2.0,3.0,0.0,0.0,0.0,0.0,0.0
243,SS Sarkar,Kolkata Knight Riders,0,2,0.0,0.0,0.0,0.0,0.0,25.0,34.0,1.0,0.0,0.0,0.0,0.0,0.0,0,0,0,0,0,,,34.0,8.16,Sourav Sarkar,15,12,1984,27,Peak,0.0,0.0,0.0,0.0,0.0,0.0,0.0,0.0,0.0,0.0,0.0,0.0,0.0,0.0,0.0
244,SS Shaikh,Kolkata Knight Riders,1,1,6.0,7.0,1.0,0.0,0.0,0.0,0.0,0.0,0.0,0.0,2.0,0.0,0.0,0,0,0,0,0,,85.71,,,Shoaib Shaikh,18,1,1987,24,Emerging,0.0,0.0,0.0,0.0,0.0,0.0,0.0,0.0,0.0,0.0,0.0,0.0,0.0,0.0,0.0
245,SS Tiwary,Mumbai Indians,1,21,458.0,351.0,32.0,19.0,16.0,0.0,0.0,0.0,0.0,0.0,4.0,0.0,1.0,3,0,0,0,0,28.62,130.48,,,Saurabh Tiwary,30,12,1989,22,Emerging,0.0,0.0,0.0,0.0,0.0,0.0,0.0,0.0,0.0,0.0,0.0,0.0,0.0,0.0,0.0
246,ST Jayasuriya,Mumbai Indians,0,30,768.0,573.0,84.0,39.0,29.0,301.0,396.0,16.0,21.0,1.0,4.0,0.0,2.0,4,1,3,0,0,26.48,134.03,24.75,7.89,Sanath Jayasuriya,30,6,1969,42,Veteran,0.0,0.0019455252918287,0.0,0.0,0.325,0.0,0.0,1.0,0.0,0.0,0.0,0.0,0.0,0.0,0.0
247,STR Binny,Mumbai Indians,1,1,8.0,5.0,1.0,0.0,1.0,6.0,9.0,0.0,0.0,0.0,0.0,0.0,0.0,0,0,0,0,0,8.0,160.0,,9.0,Stuart Binny,6,3,1984,27,Peak,0.0,0.0,0.0,0.0,0.0,0.0,0.0,0.0,0.0,0.0,0.0,0.0,0.0,0.0,0.0
248,SW Tait,Rajasthan Royals,0,8,12.0,13.0,0.0,1.0,1.0,205.0,274.0,12.0,38.0,1.0,2.0,0.0,0.0,0,0,2,0,0,12.0,92.31,22.83,8.02,Shaun Tait,22,2,1983,28,Peak,0.0,0.0,0.0,0.0,0.0,0.0,0.0,0.0,0.0,0.0,0.0,0.0,0.0,0.0,0.0
249,Salman Butt,Kolkata Knight Riders,0,7,193.0,172.0,30.0,2.0,7.0,0.0,0.0,0.0,0.0,0.0,2.0,0.0,0.0,1,0,0,0,0,27.57,112.21,,,Salman Butt,10,7,1984,27,Peak,0.0,0.0019455252918287,0.0,0.0,-0.0977777777777777,0.0,0.0,0.0,0.0,0.0,1.0,0.0,0.0,0.0,0.0
250,Shahid Afridi,Deccan Chargers,0,10,81.0,46.0,7.0,6.0,8.0,185.0,237.0,9.0,17.0,0.0,4.0,0.0,0.0,0,0,1,0,0,10.12,176.09,26.33,7.69,Shahid Afridi,1,3,1980,31,Experienced,0.0,0.0175097276264591,0.0,0.0,0.0936728395061728,0.0,0.0,4.0,0.0,0.0,1.0,0.0,0.0,0.0,0.0
251,Shoaib Ahmed,Deccan Chargers,1,7,1.0,6.0,0.0,0.0,2.0,103.0,154.0,5.0,3.0,0.0,4.0,0.0,0.0,0,0,0,0,0,0.5,16.67,30.8,8.97,Shoaib Ahmed,2,10,1981,30,Peak,0.0,0.0,0.0,0.0,0.0,0.0,0.0,0.0,0.0,0.0,0.0,0.0,0.0,0.0,0.0
252,Shoaib Akhtar,Kolkata Knight Riders,0,3,2.0,8.0,0.0,0.0,1.0,46.0,54.0,5.0,4.0,0.0,0.0,0.0,0.0,0,0,1,0,0,2.0,25.0,10.8,7.04,Shoaib Akhtar,13,8,1975,36,Veteran,0.0,0.0272373540856031,0.0,0.0,0.2751062925170068,0.0,0.0,9.0,0.0,0.0,2.0,0.0,0.0,0.0,0.0
253,Shoaib Malik,Delhi Daredevils,0,7,52.0,49.0,5.0,0.0,4.0,58.0,87.0,2.0,10.0,0.0,6.0,0.0,0.0,0,0,0,0,0,13.0,106.12,43.5,9.0,Shoaib Malik,1,2,1982,29,Peak,0.0,0.0077821011673151,0.0,0.0,0.18125,0.0,0.0,4.0,0.0,0.0,0.0,0.0,0.0,0.0,0.0
254,Sohail Tanvir,Rajasthan Royals,0,11,36.0,31.0,3.0,1.0,3.0,265.0,275.0,24.0,29.0,0.0,4.0,0.0,2.0,0,0,5,1,0,12.0,116.13,11.46,6.23,Sohail Tanvir,12,12,1984,27,Peak,0.0,0.0038910505836575,0.0,0.0,0.0,0.0,0.0,0.0,0.0,0.0,0.0,0.0,0.0,0.0,0.0
255,T Henderson,Rajasthan Royals,1,2,11.0,16.0,0.0,1.0,1.0,36.0,41.0,1.0,1.0,0.0,0.0,0.0,0.0,0,0,0,0,0,11.0,68.75,41.0,6.83,Tyron Henderson,8,1,1974,37,Veteran,0.0,0.0,0.0,0.0,0.0,0.0,0.0,0.0,0.0,0.0,0.0,0.0,0.0,0.0,0.0
256,T Kohli,Kings XI Punjab,1,2,1.0,4.0,0.0,0.0,1.0,0.0,0.0,0.0,0.0,0.0,1.0,0.0,0.0,0,0,0,0,0,1.0,25.0,,,Taruwar Kohli,17,12,1988,23,Emerging,0.0,0.0,0.0,0.0,0.0,0.0,0.0,0.0,0.0,0.0,0.0,0.0,0.0,0.0,0.0
257,T Kohli,Rajasthan Royals,1,5,10.0,16.0,0.0,1.0,2.0,0.0,0.0,0.0,0.0,0.0,4.0,0.0,0.0,0,0,0,0,0,5.0,62.5,,,Taruwar Kohli,17,12,1988,23,Emerging,0.0,0.0,0.0,0.0,0.0,0.0,0.0,0.0,0.0,0.0,0.0,0.0,0.0,0.0,0.0
258,T Taibu,Kolkata Knight Riders,0,3,31.0,26.0,3.0,0.0,3.0,0.0,0.0,0.0,0.0,0.0,1.0,0.0,0.0,0,0,0,0,0,10.33,119.23,,,Tatenda Taibu,14,5,1983,28,Peak,0.0,0.0,0.0,0.0,0.0,0.0,0.0,0.0,0.0,0.0,0.0,0.0,0.0,0.0,0.0
259,T Thushara,Chennai Super Kings,0,6,12.0,19.0,0.0,0.0,2.0,144.0,164.0,10.0,12.0,0.0,3.0,0.0,0.0,0,0,1,0,0,6.0,63.16,16.4,6.83,Thilan Thushara,3,1,1981,30,Peak,0.0,0.0,0.0,0.0,0.0,0.0,0.0,0.0,0.0,0.0,0.0,0.0,0.0,0.0,0.0
260,TL Suman,Deccan Chargers,1,26,544.0,457.0,41.0,20.0,17.0,104.0,132.0,6.0,2.0,0.0,5.0,0.0,3.0,2,0,0,0,0,32.0,119.04,22.0,7.62,Tirumalasetti Suman,15,12,1983,28,Peak,0.0057142857142857,0.0,0.0,0.1820701058201057,0.0,0.0,3.0,0.0,0.0,0.0,0.0,0.0,0.0,0.0,0.0
261,TM Dilshan,Delhi Daredevils,0,27,566.0,491.0,62.0,16.0,20.0,151.0,172.0,4.0,1.0,0.0,13.0,0.0,3.0,4,0,0,0,0,28.3,115.27,43.0,6.83,Tillakaratne Dilshan,14,10,1976,35,Experienced,0.0019047619047619,0.0097276264591439,0.0068965517241379,0.25,0.20625,0.0,1.0,5.0,0.0,0.0,0.0,0.0,0.0,0.0,0.0
262,TM Srivastava,Kings XI Punjab,1,4,8.0,11.0,0.0,0.0,1.0,0.0,0.0,0.0,0.0,0.0,2.0,0.0,2.0,0,0,0,0,0,8.0,72.73,,,Tanmay Srivastava,11,7,1989,22,Emerging,0.0,0.0,0.0,0.0,0.0,0.0,0.0,0.0,0.0,0.0,0.0,0.0,0.0,0.0,0.0
263,U Kaul,Kings XI Punjab,1,2,0.0,1.0,0.0,0.0,0.0,0.0,0.0,0.0,0.0,0.0,2.0,0.0,1.0,0,0,0,0,0,,0.0,,,Uday Kaul,12,2,1987,24,Emerging,0.0,0.0,0.0,0.0,0.0,0.0,0.0,0.0,0.0,0.0,0.0,0.0,0.0,0.0,0.0
264,UT Yadav,Delhi Daredevils,1,7,3.0,4.0,0.0,0.0,0.0,152.0,192.0,8.0,18.0,0.0,1.0,0.0,1.0,0,0,1,0,0,,75.0,24.0,7.58,Umesh Yadav,25,10,1987,24,Emerging,0.0,0.0,0.0,0.0,0.0,0.0,0.0,0.0,0.0,0.0,0.0,0.0,0.0,0.0,0.0
265,Umar Gul,Kolkata Knight Riders,0,6,39.0,19.0,1.0,5.0,3.0,153.0,198.0,14.0,32.0,1.0,0.0,0.0,1.0,0,0,2,0,0,13.0,205.26,14.14,7.76,Umar Gul,14,4,1984,27,Peak,0.0,0.0233463035019455,0.0,0.0,0.2579034391534391,0.0,0.0,8.0,0.0,0.0,2.0,0.0,0.0,0.0,0.0
266,V Kohli,Royal Challengers Bengaluru,1,41,718.0,609.0,66.0,24.0,36.0,121.0,159.0,2.0,10.0,0.0,14.0,0.0,4.0,2,0,0,0,1,19.94,117.9,79.5,7.88,Virat Kohli,11,5,1988,23,Emerging,0.0876190476190476,0.0642023346303501,0.0827586206896551,0.0847182225986574,0.2023095538720539,0.1248958333333333,17.0,19.0,9.0,10.0,6.0,1.0,0.0,0.0,0.0
267,V Sehwag,Delhi Daredevils,1,39,960.0,602.0,117.0,42.0,36.0,108.0,182.0,6.0,3.0,0.0,8.0,0.0,6.0,7,0,0,0,1,26.67,159.47,30.33,10.11,Virendra Sehwag,20,10,1978,33,Experienced,0.0038095238095238,0.0252918287937743,0.0068965517241379,-0.25,0.1220848595848595,0.0,0.0,10.0,0.0,1.0,2.0,0.0,0.0,0.0,0.0
268,VRV Singh,Kings XI Punjab,1,18,4.0,3.0,1.0,0.0,1.0,371.0,549.0,16.0,18.0,0.0,3.0,0.0,0.0,0,0,2,0,0,4.0,133.33,34.31,8.88,VRV Singh,17,9,1984,27,Peak,0.0,0.0,0.0,0.0,0.0,0.0,0.0,0.0,0.0,0.0,0.0,0.0,0.0,0.0,0.0
269,VS Malik,Kings XI Punjab,1,8,6.0,5.0,1.0,0.0,1.0,120.0,166.0,3.0,11.0,0.0,1.0,0.0,0.0,0,0,0,0,0,6.0,120.0,55.33,8.3,Vikramjeet Malik,5,9,1983,28,Peak,0.0,0.0,0.0,0.0,0.0,0.0,0.0,0.0,0.0,0.0,0.0,0.0,0.0,0.0,0.0
270,VS Yeligati,Mumbai Indians,1,2,2.0,2.0,0.0,0.0,1.0,32.0,61.0,0.0,8.0,0.0,0.0,0.0,0.0,0,0,0,0,0,2.0,100.0,,11.44,Vikrant Yeligati,23,4,1985,26,Peak,0.0,0.0,0.0,0.0,0.0,0.0,0.0,0.0,0.0,0.0,0.0,0.0,0.0,0.0,0.0
271,VVS Laxman,Deccan Chargers,1,17,238.0,229.0,30.0,3.0,14.0,0.0,0.0,0.0,0.0,0.0,4.0,0.0,1.0,1,0,0,0,0,17.0,103.93,,,VVS Laxman,11,1,1974,37,Veteran,0.0076190476190476,0.0116731517509727,0.0,0.0749999999999999,0.1601851851851851,0.0,3.0,4.0,0.0,1.0,0.0,0.0,0.0,0.0,0.0
272,VY Mahesh,Delhi Daredevils,1,13,15.0,28.0,0.0,0.0,2.0,298.0,428.0,19.0,26.0,0.0,5.0,0.0,0.0,0,0,1,1,0,7.5,53.57,22.53,8.62,Yo Mahesh,21,12,1987,24,Emerging,0.0,0.0019455252918287,0.0,0.0,0.0,0.0,0.0,0.0,0.0,0.0,0.0,0.0,0.0,0.0,0.0
273,W Jaffer,Royal Challengers Bengaluru,1,8,130.0,129.0,14.0,3.0,7.0,0.0,0.0,0.0,0.0,0.0,4.0,0.0,1.0,1,0,0,0,0,18.57,100.78,,,Wasim Jaffer,16,2,1978,33,Experienced,0.0,0.0194552529182879,0.0,0.0,-0.2,0.0,0.0,2.0,0.0,0.0,3.0,0.0,0.0,0.0,0.0
274,WA Mota,Kings XI Punjab,1,11,56.0,76.0,2.0,0.0,5.0,75.0,98.0,4.0,4.0,0.0,5.0,0.0,0.0,0,0,0,0,0,11.2,73.68,24.5,7.84,Wilkin Mota,20,9,1981,30,Peak,0.0,0.0019455252918287,0.0,0.0,0.35,0.0,0.0,1.0,0.0,0.0,0.0,0.0,0.0,0.0,0.0
275,WP Saha,Kolkata Knight Riders,1,29,298.0,213.0,24.0,12.0,12.0,0.0,0.0,0.0,0.0,0.0,13.0,5.0,1.0,1,0,0,0,0,24.83,139.91,,,Wriddhiman Saha,24,10,1984,27,Peak,0.0,0.0038910505836575,0.0,0.0,0.2249999999999999,0.0,0.0,2.0,0.0,0.0,0.0,0.0,0.0,0.0,0.0
276,WPUJC Vaas,Deccan Chargers,0,13,81.0,73.0,2.0,3.0,7.0,288.0,364.0,22.0,19.0,1.0,0.0,0.0,1.0,0,0,3,0,0,11.57,110.96,16.55,7.58,Chaminda Vaas,27,1,1974,37,Veteran,0.0019047619047619,0.0058365758754863,0.0,0.0,0.0,0.0,0.0,0.0,0.0,0.0,0.0,0.0,0.0,0.0,0.0
277,Y Nagar,Delhi Daredevils,1,3,21.0,29.0,1.0,0.0,2.0,31.0,48.0,3.0,1.0,0.0,2.0,0.0,0.0,0,0,0,0,0,10.5,72.41,16.0,9.29,Yogesh Nagar,1,6,1990,21,Emerging,0.0,0.0,0.0,0.0,0.0,0.0,0.0,0.0,0.0,0.0,0.0,0.0,0.0,0.0,0.0
278,Y Venugopal Rao,Deccan Chargers,1,30,446.0,379.0,31.0,19.0,22.0,186.0,270.0,7.0,9.0,0.0,7.0,0.0,0.0,2,0,0,0,0,20.27,117.68,38.57,8.71,Venugopal Roy,26,2,1982,29,Peak,0.0057142857142857,0.0,0.0,0.0670701058201058,0.0,0.0,2.0,0.0,0.0,0.0,0.0,0.0,0.0,0.0,0.0
279,YA Abdulla,Kings XI Punjab,1,11,0.0,1.0,0.0,0.0,0.0,222.0,311.0,15.0,17.0,1.0,0.0,0.0,0.0,0,0,3,0,0,,0.0,20.73,8.41,Yusuf Abdulla,17,1,1983,28,Peak,0.0,0.0,0.0,0.0,0.0,0.0,0.0,0.0,0.0,0.0,0.0,0.0,0.0,0.0,0.0
280,YK Pathan,Rajasthan Royals,1,43,1029.0,655.0,90.0,63.0,35.0,605.0,735.0,23.0,38.0,0.0,13.0,0.0,4.0,7,1,2,0,0,29.4,157.1,31.96,7.29,Yusuf Pathan,17,11,1982,29,Peak,0.0,0.0038910505836575,0.0,0.0,0.0,0.0,0.0,0.0,0.0,0.0,0.0,0.0,0.0,0.0,0.0
281,YV Takawale,Mumbai Indians,1,11,88.0,91.0,9.0,2.0,3.0,0.0,0.0,0.0,0.0,0.0,11.0,3.0,3.0,0,0,0,0,0,29.33,96.7,,,Yogesh Takawale,11,5,1984,27,Peak,0.0,0.0,0.0,0.0,0.0,0.0,0.0,0.0,0.0,0.0,0.0,0.0,0.0,0.0,0.0
282,Yashpal Singh,Kolkata Knight Riders,1,5,47.0,67.0,5.0,0.0,4.0,0.0,0.0,0.0,0.0,0.0,3.0,0.0,0.0,0,0,0,0,0,11.75,70.15,,,Yashpal Singh,27,11,1981,30,Peak,0.0,0.0,0.0,0.0,0.0,0.0,0.0,0.0,0.0,0.0,0.0,0.0,0.0,0.0,0.0
283,Younis Khan,Rajasthan Royals,0,1,3.0,7.0,0.0,0.0,1.0,0.0,0.0,0.0,0.0,0.0,1.0,0.0,0.0,0,0,0,0,0,3.0,42.86,,,Younis Khan,29,11,1977,34,Experienced,0.0,0.0097276264591439,0.0,0.0,0.32,0.0,0.0,2.0,0.0,0.0,0.0,0.0,0.0,0.0,0.0
284,Yuvraj Singh,Kings XI Punjab,1,43,898.0,714.0,70.0,49.0,36.0,316.0,382.0,15.0,9.0,0.0,14.0,0.0,4.0,3,0,3,0,0,24.94,125.77,25.47,7.25,Yuvraj Singh,12,12,1981,30,Peak,0.0019047619047619,0.0136186770428015,0.0275862068965517,-0.5,0.1209750566893424,0.2058035714285714,0.0,6.0,3.0,1.0,1.0,0.0,0.0,0.0,0.0
285,Z Khan,Mumbai Indians,1,20,32.0,24.0,3.0,1.0,3.0,427.0,532.0,25.0,26.0,0.0,6.0,0.0,0.0,0,0,4,0,0,10.67,133.33,21.28,7.48,Zaheer Khan,10,7,1978,33,Experienced,0.0,0.0038910505836575,0.0,0.0,0.0,0.0,0.0,0.0,0.0,0.0,0.0,0.0,0.0,0.0,0.0
286,Z Khan,Royal Challengers Bengaluru,1,11,34.0,43.0,4.0,0.0,4.0,258.0,369.0,15.0,22.0,0.0,1.0,0.0,1.0,0,0,2,0,0,8.5,79.07,24.6,8.58,Zaheer Khan,10,7,1978,33,Experienced,0.0,0.0038910505836575,0.0,0.0,0.0,0.0,0.0,0.0,0.0,0.0,0.0,0.0,0.0,0.0,0.0
